,id,gender,age,edu,job,nat,other,count,month,info1,info2,info3,decision,object,mov1,mov2,mov3,member,number,tourtype,period,overal,sat1,sat2,sat3,sat4,sat5,sat6,sat7,sat8,sat9,sat10,bf_img,af_img,revisit,recom,district1,district2,district3,district4,district5,district6,district7,district8,district9,district10,district11,district12,district13,district14,district15,district16,district17,district18,district19,zone1,zone2,zone3,zone4,zone5,zone6,zone7,zone8,zone9,zone10,bestspot1,bestspot2,bestspot3,act1,act2,act3,bestact,accom,shop1,shop2,shop3,prd1,prd2,prd3,expense,card,cash
5,722,2,1,3,12,호주, ,2,2,4,2,3,12,1,1,3,4,친구/연인,2,개별여행,37,5,3,5,4,4,4,5,3,3,3,5,5,5,4,5,1, , ,9, , , , ,14, ,3, ,2,5, , ,16, , ,1, , ,4, ,6,7,8, , ,125,14,46,18,11,3,레포츠활동,2,4,5,6,4,10,12,1112.745,0.0,1112.745
16,424,1,2,3,2,호주,2,1,9,3,5,2,6,1,3,1,9,친구/연인,2,개별여행,5,5,4,5,5,4,3,4,5,3,3,5,3,5,4,5,1,4, , , , , , , , , , , , , , , , , ,1,2, , , , , , , , ,1,2,16,17,20,22,고궁/역사유적지방문,1,3,7,9,3,11,18,638.0,159.5,478.5
23,839,2,2,3,7,호주, ,1,4,3,7,8,4,1,3,1,4,가족/친지,2,개별여행,25,5,5,4,4,5,5,5,5,5,5,5,5,5,5,5,1,4,8, , , , , , , , , , , , , , , , ,1,2,3, , , , , , , ,1,30,2,17,20,18,고궁/역사유적지방문,2,1,3,10,3,4,9,1422.509,0.0,1422.509
29,608,1,1,2,2,호주, ,1,7,3,2,4,11,6, , , ,혼자,1,개별여행,171,4,4,5,4,4,4,4,3,3,4,5,3,4,4,4,1, , , , , , , , , , , , , , , , , , ,1, , , , , , , , , ,9,1,6,16,7,17,유흥.오락,1,1,3,10,16, , ,28433.92,22980.0,5453.92
47,505,2,1,2,11,호주, ,1,8,3,2,5,1,1,13,4,6,혼자,1,개별여행,9,5,5,5,5,5,4,4,4,4,4,4,4,5,5,5,1, , , , , , , , , , , , , , , , , , ,1, , , , , , , , , ,5,14,12,19,1,17,공연/민속행사/축제참가관람,1,7,9, ,4,10,19,1218.339,1059.079,159.26
49,439,1,1,1,8,호주, ,1,6,3,2,4,4,5, , , ,혼자,1,개별여행,9,4,3,5,3,5,4,5,5,3,3,5,4,4,4,4,1, , , , , , , , , , , , ,5, ,13, , , ,1, , , , , ,7, , , ,19,107,118,17,18,7,자연경관감상,2,6,9, ,4,11,12,394.1732,0.0,394.1732435
54,819,1,5,2,7,호주,3,1,7,6,3,5,4,1,1,3,12,가족/친지,2,개별여행,4,4,5,5,5,4,4,4,4,3,4,4,3,4,3,4,1,4, , , , , , , , , , , , , , , , , ,1,2, , , , , , , , ,1,2,21,18,17,20,고궁/역사유적지방문,1,3,1,10,18, , ,674.08,520.88,153.2
56,609,1,4,3,5,호주, ,20,7,4,3,2,1,5, , , ,혼자,1,개별여행,5,4,5,5,4,3,4,3,4,4,4,5,3,3,5,4, , ,8, , , ,11, , , , , , , , , , , , , , ,3, ,5, , , , , ,36,136, ,16,2, ,식도락,3,10, , ,15, , ,170.99717,0.0,170.99717
77,295,1,4,3,1,호주, ,1,7,3, , ,2,1,3,2,4,친구/연인,2,개별여행,3,5,5,5,5,5,4,4,4,4,4,5,5,5,5,5,1, , , , , , , , , , , , , , , , , , ,1, , , , , , , , , ,1,11,13,7,17,1,유흥.오락,1,3,9, ,4, , ,1378.8,1378.8,0.0
79,377,1,1,2,6,호주,1,2,4,3, , ,6,4,2,3,4,가족/친지,3,개별여행,5,4,5,4,4,3,4,4,4,4,3,4,3,4,3,4,1, , , , , , , , , , , , , , , , , , ,1, , , , , , , , , ,20,8,1,1,17,7,쇼핑,1,5,6,7,4,9, ,589.5425,304.28,285.2625
105,758,2,1,2,8,호주,2,1,2,4,2,3,5,1,2,7,4,혼자,1,개별여행,5,5,5,5,4,4,4,5,3,1,5,5,5,5,3,4,1, , , , , , , , , , , , , , , , , , ,1, , , , , , , , , ,5,6,136,1,2,17,식도락,1,3,7, ,5, , ,899.6316602,322.5094631,577.1221971
117,139,2,1,1,8,호주, ,3,2,3,2,4,8,7, , , ,친구/연인,2,개별여행,14,4,4,4,5,5,5,4,3,3,4,4,5,4,5,3,1, , , , , , , , , , , ,2, , , ,16, , ,1, , , , ,6, ,8, , ,125,10,5,7,18,3,유흥.오락,1,7,9,11,3,4,6,1328.115,0.0,1328.115
121,1857,1,2,2,17,호주, ,2,3,3,6,4,2,1,1,3,4,친구/연인,2,개별여행,10,4,5,5,4,4,4,4,5,3,4,5,4,4,5,5,1, , , , , , , , , ,3, ,2, ,12, ,16, , ,1, , , , ,6,7,8, , ,125,130,2,18,17,20,자연경관감상,2,9,10, ,4,10, ,703.2940611,398.447429,304.8466321
124,1038,1,3,2,2,호주, ,6,9,3, , ,2,6, , , ,혼자,1,개별여행,2,5,3,4,4,5,9,4,4,4,4,5,5,5,5,5,1, , , , , , , , , , , , , , , , , , ,1, , , , , , , , , ,20, , ,16, , ,업무수행,1,12, , ,21, , ,167.475,143.55,23.925
129,1858,2,1,2,3,호주, ,1,6,3,4,2,5,1,7,12,9,친구/연인,2,개별여행,5,5,5,5,5,4,4,4,5,5,5,5,5,5,5,4,1, , , , , , , , , , , ,2, , , , , , ,1, , , , ,6, , , , ,1,12,96,18,17,1,자연경관감상,2,4,9, ,4,5,6,1071.405,517.23,554.175
150,629,2,5,3,10,호주, ,1,3,1,3,4,6,8, , , ,가족/친지,2,개별여행,3,5,5,5,5,5,9,5,4,5,4,5,4,5,3,5, ,4, , , , , , , , , , , , , , , , , , ,2, , , , , , , , ,22, , ,17,18, ,자연경관감상,1,12, , ,21, , ,197.6,152.0,45.6
161,416,1,2,2,5,호주, ,1,3,3, , ,12,1,5,2,11,가족/친지,2,개별여행,12,5,4,5,5,4,5,5,4,4,4,5,4,5,5,5,1, , , , , , , , , , , , , , , ,16, , ,1, , , , , , ,8, , ,124,5,1,1,4,17,휴양/휴식,1,5,7,10,3,5,8,4370.0,1482.0,2888.0
171,841,1,0,2,8,호주, ,1,12,3,2,5,4,1,2,4,7,가족/친지,2,개별여행,5,4,3,4,5,5,5,5,4,4,4,4,4,4,5,5,1, , , , , , , , , , , , , , , , , , ,1, , , , , , , , , ,14,5,8,1,2,7,쇼핑,2,3,5,7,4,5,6,530.25,303.0,227.25
187,356,1,4,2,2,호주, ,19,11,1, , ,2,6, , , ,혼자,1,개별여행,5,3,1,4,3,3,9,4,4,2,2,5,4,4,5,2,1, , , , , , , , , , , , , , , , , , ,1, , , , , , , , , ,20, , ,16, , ,업무수행,1,12, , ,21, , ,706.652,652.885,53.767
190,1078,1,3,2,2,호주, ,5,1,2, , ,3,6, , , ,혼자,1,개별여행,6,5,5,5,5,5,9,5,5,5,5,5,3,4,4,3,1, , , ,6, , , , , , , , , , , , , , ,1, , , ,5, , , , , ,20,54, ,14,16,15,연수/교육/연구,1,12, , ,21, , ,1000.0,1000.0,0.0
209,768,2,1,2,5,호주, ,1,8,4, , ,6,4,2, , ,친구/연인,4,개별여행,10,4,4,4,4,5,5,5,5,4,5,4,3,4,4,4,1, , , , , , , , , , , ,2, , , , , , ,1, , , , ,6, , , , ,5,1,98,17,1,18,쇼핑,1,2,7, ,3,4,5,318.52,39.815,278.705
227,653,1,5,3,1,호주, ,2,5,2,1,7,3,1,17,16,10,가족/친지,2,개별여행,2,5,5,5,5,5,5,5,5,5,5,5,5,5,5,5, ,4, , , , , , , , , , , , , , , , , , ,2, , , , , , , , ,24, , ,18, , ,자연경관감상,1,1,9, ,10, , ,262.99,262.99,0.0
229,260,1,1,2,5,호주, ,1,7,3, , ,6,8, , , ,혼자,1,개별여행,1,3,5,4,9,4,9,3,3,3,4,4,4,4,4,4,1, , , , , , , , , , , , , , , , , , ,1, , , , , , , , , ,136, , ,2, , ,식도락, ,12, , ,21, , ,38.47436325,0.0,38.47436325
241,66,1,2,3,5,호주, ,1,12,1, , ,8,1,17, , ,혼자,1,개별여행,2,3,3,2,2,4,4,4,4,3,3,3,3,2,3,3, ,4, , , , , , , , , , , , , , , , , , ,2, , , , , , , , ,22, , ,1, , ,쇼핑,1,1, , ,18, , ,75.75,37.875,37.875
242,129,1,2,2,5,호주, ,1,12,3, , ,4,1,7,4,16,가족/친지,5,개별여행,7,4,4,5,4,5,4,4,3,2,3,4,4,4,4,4,1, , , , , , , , , , , , , , , , , , ,1, , , , , , , , , ,16,17,5,22,17,1,전통문화체험,4,3,7,8,4,10,11,757.5,0.0,757.5
244,544,1,1,2,6,호주, ,1,12,9, , ,3,1,17, , ,친구/연인,3,개별여행,1,3,4,4,9,4,9,3,5,4,3,4,3,4,3,3, ,4, , , , , , , , , , , , , , , , , , ,2, , , , , , , , ,136, , ,8, , ,카지노, ,12, , ,21, , ,37.875,0.0,37.875
262,166,1,1,2,1,호주, ,1,8,3,2,7,3,5, , , ,혼자,1,개별여행,8,4,4,4,4,5,5,4,4,4,4,4,4,4,4,4,1, , , , , , , , , , , , , , , , , , ,1, , , , , , , , , ,2,4,20,18,7,20,박물관/전시관방문,4,8,9, ,4,18, ,437.965,0.0,437.965
272,1875,1,1,2,6,호주, ,1,4,3,2,1,6,1,9,11,16,친구/연인,2,개별여행,5,4,4,4,3,3,4,4,4,4,4,4,3,4,4,4,1, , , , , , , , , , , ,2, , , , , , ,1, , , , ,6, , , , ,1,9,96,22,18,2,전통문화체험,2,2,4,9,4,16, ,867.198,304.28,562.918
283,532,1,1,2,5,호주, ,2,11,2, , ,3,5, , , ,친구/연인,2,개별여행,19,5,5,5,4,5,5,4,5,4,4,4,5,5,5,5,1, , , , , , , , ,15, , , , , , ,16, , ,1, , , , ,6, ,8, , ,85,135,9,2,1,5,유흥.오락,2,1,3, ,4,6,11,1190.555,729.695,460.86
287,457,1,4,2,2,호주, ,1,3,3, , ,2,6, , , ,혼자,1,개별여행,2,4,4,4,4,4,9,4,4,4,3,3,4,4,3,3,1, , , , , , , , , , , , , , , , , , ,1, , , , , , , , , ,20, , ,16, , ,업무수행,1,12, , ,21, , ,167.2,167.2,0.0
297,554,1,2,2,3,호주, ,1,8,3,2, ,6,1,3,16, ,친구/연인,2,개별여행,4,4,4,3,4,4,4,4,4,3,3,3,3,4,4,5,1, ,8, , , , , , , , , , , , , , , , ,1, ,3, , , , , , , ,5,9,1,17,18,21,고궁/역사유적지방문,1,7, , ,4,5, ,1353.71,955.56,398.15
317,71,2,1,2,8,호주, ,3,7,3,2, ,6,5, , , ,가족/친지,2,개별여행,15,4,5,5,4,5,5,4,4,3,4,3,5,5,5,5,1, , , , , , , , , , , , , , , ,16, , ,1, , , , , , ,8, , ,14,20,128,11,7,23,기타,2,7,11, ,5,15, ,2183.1,1034.1,1149.0
323,531,2,1,1,11,호주, ,1,11,3, , ,3,1,15,2, ,혼자,1,개별여행,26,5,5,4,5,4,5,3,3,3,3,5,3,5,5,5,1, , , , , , , , , , , , , , , , , , ,1, , , , , , , , , ,20,5,7,6,5,1,의료관광,1,7, , ,4,5, ,1728.225,1536.2,192.025
329,353,2,1,3,12,호주, ,2,12,3,2, ,2,5, , , ,혼자,1,개별여행,6,5,4,5,5,4,5,3,4,3,4,5,3,4,4,1,1, , , , , , , , , , , ,2, , , , , , ,1, , , , ,6, , , , ,97,96,16,1,20,17,박물관/전시관방문,1,9,10, ,4,5,6,909.0,454.5,454.5
336,458,1,4,3,1,호주, ,1,3,9, , ,6,6, , , ,혼자,1,개별여행,14,4,5,5,4,2,5,5,1,1,5,5,2,4,2,4,1, , ,9, , , , , , ,3, , , , , , , , ,1, , ,4, ,6, , , , ,51,8,89,10,12,1,스포츠활동,1,4,5,8,4,18, ,851.2,532.0,319.2
337,754,2,2,2,4,호주, ,1,3,2,3, ,5,1,2,4,3,가족/친지,7,개별여행,3,5,5,5,5,5,5,5,5,5,5,5,4,5,4,5,1, , , , , , , , , , , , , , , , , , ,1, , , , , , , , , ,5,16,8,1,17,2,쇼핑,1,5,7, ,5,10, ,1166.6,0.0,1166.6
341,211,1,2,2,3,호주, ,20,7,3,2, ,72,6, , , ,혼자,1,개별여행,21,4,4,4,4,4,4,3,3,3,4,4,4,4,4,4, , , , , , , , , ,15, , ,2, , , , , , , , , , , ,6, , , , ,79,96, ,1,16,17,쇼핑,3,3,9, ,6,10,12,1570.3,0.0,1570.3
344,94,1,2,3,2,호주, ,20,8,9, , ,1,6, , , ,혼자,1,개별여행,3,3,3,3,3,3,9,3,3,3,3,3,3,3,5,4,1, , , , , , , , , , , , , , , , , , ,1, , , , , , , , , ,7, , ,16, , ,업무수행,1,12, , ,21, , ,850.0,400.0,450.0
357,626,1,4,2,2,호주, ,3,3,2, , ,2,6, , , ,혼자,1,개별여행,2,4,3,3,5,5,9,4,4,4,5,5,4,4,5,5,1, , , , , , , , , , , , , , , , , , ,1, , , , , , , , , ,11, , ,16, , ,업무수행,1,12, , ,21, , ,342.0,342.0,0.0
367,360,1,4,2,2,호주, ,2,6,2,3, ,3,6, , , ,혼자,1,개별여행,7,4,4,4,4,5,4,4,4,3,4,4,4,5,4,4,1, ,8, , , , , , , , , , , , , , , , ,1, ,3, , , , , , , ,4,6,1,16,17,1,업무수행,5,4, , ,5, , ,177.336,177.336,0.0
375,767,1,2,2,5,호주, ,1,8,3, , ,6,1,10,3, ,가족/친지,3,개별여행,3,5,5,5,5,5,5,5,5,5,5,5,3,5,1,5,1, , , , , , , , , , , , , , , , , , ,1, , , , , , , , , ,1,6,2,1,17,18,식도락,1,3,4, ,4, , ,676.855,676.855,0.0
376,941,2,1,2,7,호주, ,2,8,2, , ,3,4,2, , ,친구/연인,2,개별여행,10,5,5,5,5,5,5,4,5,4,4,4,5,5,5,5,1, , , , , , , , , , , , , , , , , , ,1, , , , , , , , , ,5,14,20,1, , ,쇼핑,1,2,7, ,1,5, ,5812.99,4777.8,1035.19
378,484,1,1,2,5,호주, ,1,10,3,4,5,6,1,2,4,3,가족/친지,4,개별여행,7,5,4,4,5,5,4,4,3,4,4,4,4,5,5,4,1, , , , , , , , , , , , , , , , , , ,1, , , , , , , , , ,1,2,14,1,2,9,식도락,1,3,7,9,4,14,18,1551.33053,0.0,1551.33053
380,656,2,4,2,9,호주, ,1,10,2, , ,3,5, , , ,가족/친지,2,개별여행,5,4,4,4,4,4,4,4,4,4,4,4,4,4,4,4,1, , , , , , , , , , , , , , , , , , ,1, , , , , , , , , ,1,4,13,1,2,7,쇼핑,4,1, , ,4,5, ,476.222,0.0,476.222
388,635,2,1,2,8,호주,3,1,11,3,5,4,6,1,3,16,4,가족/친지,3,개별여행,7,4,3,4,4,4,4,4,4,3,4,3,4,4,4,4,1, , , , , , , , , , , , , , , , , , ,1, , , , , , , , , ,1,8,17,1,20,17,쇼핑,1,7,8,11,3,4,5,1213.598,599.118,614.48
392,515,2,1,2,5,호주, ,3,12,2,3,5,3,1,7,6,3,친구/연인,9,개별여행,8,4,4,4,3,3,3,4,4,3,2,3,4,4,3,4,1, , , , , , , , , , , , , , , , , , ,1, , , , , , , , , ,13,2,16,11,7,22,전통문화체험,2,3,6,9,4,6,14,2750.0,2000.0,750.0
427,593,1,4,2,2,호주, ,1,10,3, , ,1,6, , , ,직장동료,2,개별여행,3,5,5,5,5,5,5,5,5,3,3,5,3,5,5,5,1, ,8, , , , , , , , , , , , , , , , ,1, ,3, , , , , , , ,7,30, ,16,2,1,업무수행,1,11, , ,4, , ,1067.659,1067.659,0.0
439,1111,1,3,4,2,호주, ,10,1,2, , ,2,6, , , ,혼자,1,개별여행,2,5,5,5,5,4,5,5,5,4,5,5,4,5,5,5, , ,8, , , , , , , , , , , , , , , , , , ,3, , , , , , , ,136, , ,16, , ,업무수행,1,1, , ,10, , ,105.5906171,0.0,105.5906171
444,1371,2,0,2,8,호주,1,1,1,2,3,5,6,1,9,16,10,가족/친지,4,개별여행,7,5,4,4,5,5,4,5,5,3,5,5,4,5,3,3,1, , , , , , , , , , , , , , , , , , ,1, , , , , , , , , ,1,13,14,17,4,1,자연경관감상,2,9, , ,3,4,15,330.234,172.296,157.938
465,743,2,5,3,10,호주,1,1,3,3,1,4,13,1,3, , ,가족/친지,2,단체여행,6,4,5,3,4,4,3,4,3,3,4,4,4,4,3,4,1,4,8, , , , , , , ,3, , , , , ,16, , ,1,2,3, , ,6, ,8, , ,1,90,124,17,18,19,고궁/역사유적지방문,1,5, , ,15,18, ,4408.0,0.0,4408.0
466,744,2,5,1,10,호주, ,1,3,1,3,4,10,1,3,10,1,가족/친지,2,단체여행,9,4,4,4,5,4,5,5,5,4,4,4,4,4,4,5,1,4,8,9, , , , , , ,3, ,2, , , ,16, , ,1,2,3,4, ,6, ,8, , ,1,30,88,18,20,17,전통문화체험,1,5,9, ,10,18, ,1216.0,0.0,1216.0
469,797,2,0,3,2,호주,1,1,3,1,2,5,12,1,1,3,2,혼자,1,단체여행,9,5,5,5,5,5,5,5,5,5,5,5,4,5,4,4,1,4,8,9, , , , , , ,3, ,2, , , ,16, , ,1,2,3,4, ,6, ,8, , ,96,124,99,1,9,4,시티투어버스이용,1,3,6,10,1,11,16,4947.6,4256.0,691.6
470,798,2,1,2, ,호주,1,1,3,1,2,3,12,1,3,7,4,가족/친지,6,단체여행,9,4,4,5,5,5,5,4,5,3,4,5,4,4,4,4,1,4,8,9,6, , , , , ,3, ,2, , , ,16, , ,1,2,3,4,5,6, ,8, , ,1,2,4,17,21,1,고궁/역사유적지방문,1,3,8,9,3,5,8,4940.0,4256.0,684.0
487,1874,2,1,2,8,호주,1,1,4,3,2, ,3,1,1,3,4,친구/연인,2,개별여행,6,4,4,4,4,5,4,3,3,4,4,4,3,4,4,4,1,4, , , , , , , , , , ,2, , , , , , ,1,2, , , ,6, , , , ,3,4,17,18,2,1,식도락,2,1,7,9,5,6,18,950.875,190.175,760.7
531,1856,1,2,2,4,호주, ,1,8,3,2,4,3,1,16,1,2,혼자,1,개별여행,4,5,4,4,4,5,5,5,5,5,5,4,4,4,4,4,1, , , , , , , , , , , ,2, , , , , , ,1, , , , ,6, , , , ,96,1,8,21,18,2,시티투어버스이용,2,9, , ,4,15,18,995.375,398.15,597.225
548,1861,1,2,2,3,호주, ,1,9,4,3,5,4,1,3,1,7,친구/연인,2,개별여행,5,5,5,5,5,5,5,5,4,4,5,5,4,5,5,5,1, , , , , , , , , , , ,2, , , , , , ,1, , , , ,6, , , , ,4,1,102,21,17,19,시티투어버스이용,1,1,7,8,3,12,18,988.9,478.5,510.4
552,1035,1,2,3,2,호주, ,30,10,9, , ,1,6, , , ,직장동료,2,개별여행,3,4,4,3,4,4,9,3,4,4,4,4,4,4,5,4,1, , , , , , , , , , , , , , , , , , ,1, , , , , , , , , ,9, , ,15,16, ,미팅/회의/학술대회/박람회참가,1,12, , ,21, , ,863.8090453,661.078351,202.7306943
557,1298,1,2,2,3,호주, ,1,10,2,3,4,3,1,16,9,11,혼자,1,개별여행,4,5,5,4,4,4,4,3,4,4,4,4,4,5,4,4,1, , , , , , , , , , , ,2, , , , , , ,1, , , , ,6, , , , ,1,12,96,17,21,18,고궁/역사유적지방문,2,9, , ,4,14,18,806.505,460.86,345.645
562,1275,1,2,2,4,호주, ,1,11,1,4,3,3,1,16,12,3,혼자,1,개별여행,5,5,4,5,5,5,4,4,4,5,5,4,4,5,4,5,1, , , , , , , , , , , ,2, , , , , , ,1, , , , ,6, , , , ,1,2,98,17,18,21,고궁/역사유적지방문,2,7,9, ,3,4, ,553.032,384.05,168.982
575,5524,1,3,2,3,호주,2,1,12,3,4,2,3,1,9,11,8,친구/연인,2,개별여행,4,4,4,4,5,5,5,4,4,4,4,4,4,5,4,4, , , , , , , , , , , , ,2, ,12, , , , , , , , , ,6,7, , , ,110,96,104,10,17,18,스포츠활동,1,1, , ,1,4, ,2105.85,1515.0,590.85
577,5528,2,2,2,3,호주, ,1,12,3,4,2,3,1,11,12,8,친구/연인,2,개별여행,4,4,4,4,4,4,4,5,5,4,4,4,4,4,4,4,1, , , , , , , , , , , ,2, , , , , , ,1, , , , ,6, , , , ,1,6,96,18,17,22,고궁/역사유적지방문,2,9, , ,6,13,18,522.675,303.0,219.675
606,78,1,3,3,2,호주, ,2,5,3,2, ,3,6, , , ,혼자,1,개별여행,3,4,5,5,5,5,4,4,3,5,3,5,4,5,4,4, , , ,9, , , , , , , , , , , , , , , , , , ,4, , , , , , ,51, , ,16, , ,업무수행,1,1, , ,18, , ,321.5183,321.5182614,0.0
614,805,1,1,2,5,호주, ,1,6,3,4,5,4,1,10,16,4,친구/연인,2,개별여행,7,4,5,5,4,4,4,4,4,3,4,5,4,4,4,5,1, , , , , , , , , , , ,2, , , , , , ,1, , , , ,6, , , , ,96,2,9,4,7,17,유흥.오락,1,3,6,9,4, , ,1233.963,738.9,495.063
691,519,1,4,3,2,호주, ,1,2,3,5, ,1,6, , , ,혼자,1,개별여행,2,5,5,5,5,5,9,4,4,4,5,5,4,5,5,5, , , , ,6, , , , , , , , , , , , , , , , , , ,5, , , , , ,136, , ,16, , ,업무수행,1,12, , ,21, , ,215.37,215.37,0.0
722,281,1,2,1,2,호주, ,2,7,2, , ,5,6, , , ,직장동료,2,개별여행,3,4,5,4,5,4,3,4,3,3,3,5,4,4,5,5,1, , , , , , , , , , , , , , , , , , ,1, , , , , , , , , ,4, , ,16,14,15,연수/교육/연구,1,1, , ,10, , ,857.92,857.92,0.0
724,397,1,2,3,2,호주,6,1,7,3,2,5,8,1,16,3,6,친구/연인,2,개별여행,7,4,4,4,5,4,5,4,4,4,4,5,3,5,3,5,1, ,8, , , , , , , , , ,2, , , , , , ,1, ,3, , ,6, , , , ,30,1,96,7,22,17,유흥.오락,1,1,3,9,3,4, ,1187.3,0.0,1187.3
750,95,1,5,2,2,호주, ,20,8,9, , ,3,6, , , ,혼자,1,개별여행,4,5,5,4,5,5,9,4,4,5,4,5,5,5,5,5,1, ,8, , , , , , , , , , , , , , , , ,1, ,3, , , , , , , ,20,44, ,16,15, ,미팅/회의/학술대회/박람회참가,1,12, , ,21, , ,2340.0,2340.0,0.0
764,1021,2,1,2,4,호주, ,3,7,3, , ,24,8, , , ,혼자,1,개별여행,30,4,4,4,3,5,4,4,4,3,2,4,5,4,4,3,1, , ,9, , , , , , , , , , , , , , , ,1, , ,4, , , , , , ,136,5,18,1,19, ,공연/민속행사/축제참가관람,2,7,11, ,4,10,19,1453.475945,1239.729482,213.7464625
778,515,1,3,3,7,호주, ,1,10,3, , ,2,1,1,8,3,혼자,1,개별여행,8,4,5,5,5,2,4,4,4,4,4,4,4,4,3,4,1, , ,9, , , , , , , , , , , , , , , ,1, , ,4, , , , , , ,50,46,20,11,18, ,레포츠활동,1,9,10, ,18, , ,1075.34,691.29,384.05
789,1,1,0,2,8,호주, ,1,12,3, , ,2,1,17, , ,혼자,1,개별여행,2,5,5,4,5,5,4,3,5,4,3,3,3,4,5,3, ,4, , , , , , , , , , , , , , , , , , ,2, , , , , , , , ,24, , ,1,3,18,온천/스파,1,1, , ,10, , ,98.475,0.0,98.475
794,560,1,1,1,6,호주, ,1,8,3,2,6,6,5, , , ,혼자,1,개별여행,4,4,4,4,4,4,4,4,4,4,4,5,4,4,3,4,1, , , , , , , , , , , , , , , , , , ,1, , , , , , , , , ,4,9,1,17,18,1,고궁/역사유적지방문,4,4,6, ,4, , ,143.334,0.0,143.334
809,455,1,1,3,3,호주,6,1,3,2,3,7,5,5, , , ,혼자,1,개별여행,5,4,5,5,3,4,3,4,3,4,3,5,4,4,5,4,1, , , , , , , , , , , , , , , , , , ,1, , , , , , , , , ,1,4,2,22,20,17,전통문화체험,2,9, , ,18,20, ,240.442414,0.0,240.442414
856,93,2,1,2,8,호주, ,2,4,2,3,7,1,2,14,9,2,혼자,1,에어텔여행,4,5,5,5,5,4,3,4,2,2,5,5,5,5,5,5,1,4, , , , , , , , , , , , , , , , , ,1,2, , , , , , , , ,2,17,22,6,1,18,자연경관감상,1,3,5,10,2,5,10,2434.24,2129.96,304.28
857,711,2,0,2,2,호주, ,10,4,3,5,2,1,6, , , ,혼자,1,개별여행,5,4,4,4,4,4,4,4,4,2,3,4,4,4,5,4,1, , , , , , , , , , , , , , , , , , ,1, , , , , , , , , ,1,19,5,1,2,16,식도락,1,1,3,7,3,4,9,2282.1,1597.47,684.63
860,427,2,5,1,10,호주, ,2,5,2, , ,6,5, , , ,혼자,1,개별여행,14,5,5,5,5,5,5,5,5,5,5,5,5,5,4,5,1, , , , , , , ,14, , , , , , , , , , ,1, , , , ,6, , , , ,8,1,17,7,19,21,공연/민속행사/축제참가관람,4,3,4,5,1,5,10,976.82,0.0,976.82
864,438,1,0,2,8,호주,1,1,6,1,3,2,3,1,2,1,4,가족/친지,4,단체여행,6,5,3,4,4,5,5,5,5,2,4,4,5,5,5,5,1, , ,9, , , , , , , , , , , , , , , ,1, , ,4, , , , , , ,14,50,5,1,7,9,전통문화체험,1,3,4,7,4,5,8,960.57,591.12,369.45
872,650,1,1,2,8,호주,9,1,7,3,4,2,6,1,4,2,7,가족/친지,5,개별여행,12,4,3,3,4,4,5,4,4,4,3,4,4,4,4,4,1, ,8,9, , , , , , , , ,2, , , ,16, , ,1, ,3,4, ,6, ,8, , ,5,50,98,1,7,17,쇼핑,4,4,5,7,1,3,4,459.6,0.0,459.6
876,561,1,1,2,12,호주,5,1,8,3, , ,2,1,1,2,4,친구/연인,2,개별여행,8,5,5,5,5,5,5,5,5,4,4,5,4,5,4,5,1, ,8, , , , , , , , , , , , , , , , ,1, ,3, , , , , , , ,5,28,8,1,18,17,자연경관감상,7,5,7,9,4,6,14,557.41,278.705,278.705
883,726,2,1,2,8,호주, ,1,11,3,5,2,5,1,9,5,1,혼자,1,개별여행,5,4,4,5,4,5,5,3,4,5,5,5,5,5,5,5,1, , , , , , , , , , , , , , , , , , ,1, , , , , , , , , ,1,2,14,20,18,1,박물관/전시관방문,2,3,5, ,4,10,12,176.2875603,0.0,176.2875603
892,963,1,4,4,2,호주, ,30,1,9, , ,1,6, , , ,혼자,1,개별여행,5,4,5,5,5,5,9,5,4,3,5,5,4,4,5,4,1, , , , , , , , , , , , , , , , , , ,1, , , , , , , , , ,7, , ,16, , ,업무수행,1,12, , ,21, , ,1000.0,1000.0,0.0
896,522,1,4,2,2,호주, ,6,2,1,3, ,2,6, , , ,혼자,1,개별여행,3,5,5,5,5,5,9,5,5,5,5,5,5,5,5,5,1, , , , , , , , , , , , , , , , , , ,1, , , , , , , , , ,20, , ,16, , ,업무수행,1,12, , ,21, , ,263.0998252,263.0998252,0.0
948,662,2,1,2,5,호주,1,1,11,3,2, ,6,1,2,3,7,가족/친지,2,개별여행,7,5,5,5,5,5,5,5,5,3,3,5,4,5,5,5,1, , , , , , , , , , , ,2, , , , , , ,1, , , , ,6, , , , ,14,103,5,18,1,17,쇼핑,2,2,5,7,3,4,5,1267.365,384.05,883.315
982,90,1,2,2,2,호주, ,1,6,2,1, ,1,6, , , ,직장동료,2,개별여행,3,4,3,4,5,4,4,3,3,4,3,4,4,4,4,4,1, , , , , , , , , , , , , , , , , , ,1, , , , , , , , , ,20, , ,16, , ,업무수행,1,12, , ,21, , ,444.48,444.48,0.0
988,895,1,3,3,2,호주, ,2,7,3,7, ,1,6, , , ,직장동료,2,개별여행,3,3,3,4,2,3,4,4,4,4,4,4,3,3,5,3,1, , , , , , , , , , , , , , , , , , ,1, , , , , , , , , ,4,20,1,15,16, ,미팅/회의/학술대회/박람회참가,1,9, , ,4,5, ,306.4,0.0,306.4
994,676,1,1,2,5,호주, ,1,8,3,2, ,1,1,3,4,11,친구/연인,2,개별여행,8,5,3,4,4,4,4,5,5,4,4,4,4,5,5,5,1, , , , , , , , , , , , , , , , , , ,1, , , , , , , , , ,1,10,2,20,17,9,고궁/역사유적지방문,1,3, , ,4,8, ,1258.154,477.78,780.374
1009,1074,1,4,2,2,호주, ,20,1,9, , ,2,6, , , ,혼자,1,개별여행,2,5,5,5,5,5,4,3,4,4,5,5,5,5,5,5, ,4, , , , , , , , , , , , , , , , , , ,2, , , , , , , , ,22, , ,17, , ,고궁/역사유적지방문,1,9, , ,18, , ,122.043,0.0,122.043
1020,101,2,1,3,3,호주,4,1,3,3,2,5,3,1,4,5,7,가족/친지,3,개별여행,7,3,5,4,5,3,4,4,4,3,4,5,5,4,3,3,1, , , , , , , , , , , , , , , , , , ,1, , , , , , , , , ,14,5,9,1,7,13,쇼핑,2,3,4,7,4,10,19,1102.0,760.0,342.0
1021,262,1,2,2,6,호주, ,1,3,3, , ,2,6, , , ,직장동료,3,개별여행,21,5,4,5,4,4,9,4,4,3,5,5,5,5,5,5,1, ,8, , , , , , , ,3, , , , , , , , ,1, ,3, , ,6, , , , ,1, , ,10,17, ,스포츠활동,1,12, , ,21, , ,2172.568955,1975.062687,197.5062687
1022,264,1,2,3,5,호주, ,1,3,3, , ,3,1,3,2,6,가족/친지,2,개별여행,12,5,5,5,5,5,5,5,5,4,4,5,4,5,5,5,1, , , , , , , , , , , , , , , ,16, , ,1, , , , , , ,8, , ,128,126,127,4,17,11,고궁/역사유적지방문,1,3,7, ,4,10, ,3420.0,1900.0,1520.0
1024,424,1,3,3,5,호주, ,1,3,3,4, ,1,6, , , ,혼자,1,개별여행,3,4,5,4,5,5,9,4,4,5,4,5,4,4,5,5,1, , , , , , , , , , , , , , , , , , ,1, , , , , , , , , ,1, , ,15,17,18,고궁/역사유적지방문,1,12, , ,21, , ,291.84,228.0,63.84
1028,90,1,5,2,5,호주, ,21,4,9, , ,5,6, , , ,혼자,1,개별여행,4,4,4,4,4,4,4,3,3,2,3,3,4,4,4,4,1, , , , , , , , , , , , , , , , , , ,1, , , , , , , , , ,2, , ,16,15,1,미팅/회의/학술대회/박람회참가,1,9, , ,17, , ,1512.0081,703.2596083,808.7485495
1045,287,1,4,3,5,호주, ,1,6,2,3, ,3,6, , , ,혼자,1,개별여행,4,5,5,5,5,4,4,4,5,5,5,5,5,5,5,5, , , , , , , , , , , , , , , , ,16, , , , , , , , , ,8, , ,128, , ,16, , ,업무수행,1,12, , ,21, , ,591.12,591.12,0.0
1051,341,2,3,2,2,호주, ,1,7,1, , ,5,3,17,2,4,혼자,1,에어텔여행,8,3,3,4,3,4,3,3,3,2,3,3,3,3,4,4,1, ,8, , , , , , , , , , , , , , , , ,1, ,3, , , , , , , ,38,4,5,23,1,2,기타,1,1,5,10,1,3,5,2221.4,1532.0,689.4
1072,997,1,2,3,3,호주, ,1,1,2, , ,2,6, , , ,직장동료,2,개별여행,5,4,4,5,5,5,9,5,4,4,4,5,4,4,4,4, , ,8, , , , , , , , , , , , , , , , , , ,3, , , , , , , ,29, , ,16, , ,업무수행,1,12, , ,21, , ,365.5059821,324.8942063,40.61177579
1077,1357,2,1,2,8,호주,3,1,1,9, , ,12,1,2,4,6,친구/연인,3,개별여행,7,4,4,4,4,4,4,4,4,4,4,4,4,4,4,4,1, , , , , , , , , , , , , , , , , , ,1, , , , , , , , , ,5,1,7,1,11,7,쇼핑,1,3,5,7,4,5, ,1076.85,358.95,717.9
1096,1876,1,1,2,8,호주,1,1,4,3, , ,3,1,1,2,4,친구/연인,2,개별여행,7,4,5,5,5,4,4,4,5,4,3,4,3,4,4,4,1,4, , , , , , , ,15, , ,2, , , , , , ,1,2, , , ,6, , , , ,3,10,80,2,17,1,식도락,1,1,9, ,5,7,18,1186.692,532.49,654.202
1097,79,2,5,2,10,호주, ,1,5,3,2,1,2,1,3,4,12,가족/친지,2,개별여행,8,3,4,1,4,3,3,3,3,3,3,3,4,2,1,3,1, , , , , , , , , , , , , , , , , , ,1, , , , , , , , , ,8,1,5,22,17,20,전통문화체험,1,4,5,7,4,14, ,1202.24,601.12,601.12
1101,647,2,0,2,8,호주, ,1,5,3,2,5,2,1,13,4,2,혼자,1,개별여행,3,5,5,5,5,5,5,5,4,3,4,4,4,4,4,4,1, , , , , , , , , , , , , , , , , , ,1, , , , , , , , , ,9,10,7,19,18,1,공연/민속행사/축제참가관람,1,6,7,9,4,5,13,811.512,360.672,450.84
1117,412,2,1,2,5,호주, ,1,9,3,2,4,2,5, , , ,친구/연인,2,개별여행,9,5,5,5,5,5,4,5,5,5,5,5,4,5,5,5,1, , , , , , , , , , , , , , , , , , ,1, , , , , , , , , ,1,4,19,20,11,7,레포츠활동,1,5,7, ,4,6, ,1714.625,877.25,837.375
1118,514,1,2,3,1,호주, ,1,9,3,6, ,10,1,3,5,1,친구/연인,2,개별여행,15,5,4,4,4,4,4,4,3,2,5,4,3,4,3,4,1, , , , , , , , , , , ,2, , , ,16, , ,1, , , , ,6, ,8, , ,20,124,97,17,18,1,고궁/역사유적지방문,1,4,5,9,15,18, ,2033.625,1834.25,199.375
1122,529,2,1,2,5,호주, ,10,10,9, , ,3,5, , , ,혼자,1,개별여행,11,4,4,4,4,4,4,4,4,5,4,4,4,4,5,4,1, , , , ,10,11, , , , , , , , , ,16, , ,1, , , ,5, , ,8, , ,9,10,130,15,1,18,휴양/휴식,1,1,2,3,4,5,6,3494.855,2688.35,806.505
1125,826,1,1,2,5,호주, ,1,10,3,2, ,6,1,4,3,1,친구/연인,2,개별여행,8,5,4,4,5,5,4,5,5,5,5,5,4,5,4,5,1, , , , , , , , , , , , , , , , , , ,1, , , , , , , , , ,5,2,3,17,18,1,자연경관감상,1,4,7,8,18, , ,668.247,591.437,76.81
1131,377,2,1,2,12,호주, ,1,11,1,3,7,7,1,16,4, ,가족/친지,2,개별여행,6,4,5,4,4,4,5,4,4,4,4,4,4,4,3,5,1, , , , , , , , , , , , , , , , , , ,1, , , , , , , , , ,5,8,6,1,2,17,쇼핑,1,4,5,7,3,4,10,1152.15,0.0,1152.15
1134,778,2,4,2,3,호주, ,1,11,3,2,4,10,1,9,2,16,가족/친지,2,개별여행,6,3,4,4,3,3,4,4,3,3,4,3,3,3,3,3,1, , , , , , , , , , , ,2, , , , , , ,1, , , , ,6, , , , ,5,99, ,1,7,9,식도락,1,1,3,7,4,5, ,903.2856,768.1,135.1856
1135,821,2,1,3,1,호주, ,1,11,3,5, ,6,1,13,3,4,친구/연인,2,개별여행,8,4,5,5,5,5,5,5,2,2,5,5,3,4,5,5,1, , , , , , , , , , , , , , , , , , ,1, , , , , , , , , ,14,5,1,7,17,18,식도락,2,3,7,11,3,4,5,1075.34,0.0,1075.34
1136,876,2,1,2,5,호주, ,1,11,2,3,7,8,1,7,3,9,친구/연인,3,개별여행,8,4,5,4,5,5,5,5,4,2,5,5,4,5,5,5,1, , , , , , , , , , , , , , , , , , ,1, , , , , , , , , ,2,1,5,17,1,22,고궁/역사유적지방문,2,4,5,7,4,5,15,1152.15,384.05,768.1
1141,759,2,0,3,8,호주, ,1,12,3,2,1,10,4,2,4,1,친구/연인,3,개별여행,11,5,5,5,5,4,5,4,4,3,4,5,4,4,2,4,1, , , , , , , , , , , ,2, , , , , , ,1, , , , ,6, , , , ,5,4,13,1,7,17,쇼핑,1,3,5,7,4,5,6,1363.5,909.0,454.5
1156,1132,1,4,1,1,호주, ,2,1,7,3, ,5,1,9, , ,혼자,1,개별여행,2,5,5,5,5,5,5,5,5,5,5,5,4,4,5,5,1, , , , , , , , , , , , , , , , , , ,1, , , , , , , , , ,8,1, ,17,1, ,고궁/역사유적지방문,1,10, , ,10, , ,235.0,150.0,85.0
1166,1397,1,3,2,7,호주, ,1,1,3,2,7,3,1,7,4,5,혼자,1,개별여행,2,5,2,5,5,5,5,5,4,4,4,5,3,5,5,5, , , , , , , , , , , , ,2, , , , , , , , , , , ,6, , , , ,96,99, ,4,2,3,식도락,1,1,3,9,4,11,14,260.0,170.0,90.0
1167,138,1,5,3,2,호주, ,20,2,9, , ,2,6, , , ,혼자,1,개별여행,3,5,5,5,5,5,9,4,4,4,3,5,5,5,5,5, , ,8, , , , , , , , , , , , , , , , , , ,3, , , , , , , ,36, , ,16,2, ,업무수행,1,12, , ,21, , ,583.91187,0.0,583.91187
1196,76,1,3,3,1,호주, ,1,5,2,3, ,6,1,3,2,7,혼자,1,개별여행,8,4,5,5,5,2,4,3,5,2,4,4,4,4,1,3,1, ,8, , , , , , , , , , , , , , , , ,1, ,3, , , , , , , ,30,8,6,17,18,21,고궁/역사유적지방문,1,3,4,5,4,5,12,1127.1,375.7,751.4
1205,482,1,3,2,2,호주, ,1,5,2,3, ,2,6, , , ,혼자,1,개별여행,3,4,5,4,4,5,5,4,3,3,5,5,3,4,3,4,1, , , , , , , , , , , , , , , , , , ,1, , , , , , , , , ,16,4, ,16,17, ,고궁/역사유적지방문,1,3, , ,17,18, ,826.54,826.54,0.0
1215,440,2,1,4,12,호주, ,2,6,2, , ,12,6, , , ,혼자,1,개별여행,122,5,5,5,5,5,5,5,5,4,5,5,4,5,5,5,1,4, , , , , , , , , , , , , , , , , ,1,2, , , , , , , , ,10,2,20,16,18,19,자연경관감상,1,3,5,7,3,5,10,1477.8,369.45,1108.35
1221,689,1,1,2,2,호주, ,1,6,3,5, ,1,1,4,6,10,친구/연인,3,개별여행,3,5,5,5,5,5,5,5,5,5,5,5,5,5,5,5,1, , , , , , , , , , , , , , , , , , ,1, , , , , , , , , ,9,20, ,1,7,2,유흥.오락,1,9, , ,4, , ,258.615,258.615,0.0
1233,176,1,4,3,2,호주, ,3,8,2, , ,2,6, , , ,혼자,1,개별여행,3,4,2,5,4,4,3,4,4,3,5,5,4,4,5,5,1, , , , , , , , , , , , , , , , , , ,1, , , , , , , , , ,11, , ,16, , ,업무수행,1,1, , ,11,12, ,875.93,875.93,0.0
1264,697,1,0,2,8,호주, ,1,11,3,2,5,5,1,3,7,4,가족/친지,2,개별여행,5,4,4,5,5,4,3,5,4,5,4,5,4,5,4,4,1, ,8, , , , , , , , , , , , , , , , ,1, ,3, , , , , , , ,1,8,2,22,17,1,전통문화체험,1,5,9,10,4,10,11,760.419,15.362,745.057
1291,1080,1,3,3,2,호주,1,1,1,3, , ,3,1,1,3,8,혼자,1,개별여행,5,5,4,4,4,4,4,4,4,4,4,4,4,4,4,4,1, , , , , , , , , , , , , , , , , , ,1, , , , , , , , , ,2,4,9,18,17,1,박물관/전시관방문,1,11, , ,1,18, ,615.0,0.0,615.0
1296,1273,2,2, ,2,호주, ,1,1,3,2,8,6,1,3,1,12,가족/친지,2,개별여행,80,5,5,5,5,5,9,5,5,5,5,5,5,5,5,5,1, ,8,9, , , , , , , , , , ,12, , , , ,1, ,3,4, , ,7, , , ,108,1,29,18,7,20,고궁/역사유적지방문,2,12, , ,21, , ,3573.83627,0.0,3573.83627
1300,1355,2,0,3,4,호주, ,1,1,3,5,4,1,1,2,10,4,친구/연인,4,개별여행,6,5,5,5,5,3,5,5,5,3,4,5,4,5,4,4,1, , , , , , , , , , , , , , , , , , ,1, , , , , , , , , ,6,7,20,22,1,18,전통문화체험,2,11,7, ,3,4,6,714.3105,71.79,642.5205
1317,404,1,1,2,7,호주, ,1,2,1, , ,12,5, , , ,가족/친지,2,개별여행,17,5,5,5,4,5,4,4,5,4,4,5,4,5,5,5,1, , , , , , , , , , , , , , , , , , ,1, , , , , , , , , ,2,1,4,1,22,7,쇼핑,2,3,4,10,6,7,16,1141.461,684.8766,456.5844
1318,407,2,1, ,12,호주,1,1,2,3, , ,5,1,4, , ,친구/연인,2,개별여행,14,4,5,5,4,5,4,5,4,4,4,4,3,4,3,4,1, , ,9, , , , , , , , ,2, , , , , , ,1, , ,4, ,6, , , , ,14,96,49,17,18,7,스포츠활동,1,4,5,10,10,11, ,1579.38,789.69,789.69
1319,408,2,1,2,3,호주, ,1,2,2,3, ,3,4,2,6,13,친구/연인,2,개별여행,4,5,5,5,5,5,5,4,4,4,4,5,4,5,5,5,1, , , , , , , , , , , , , , , , , , ,1, , , , , , , , , ,20,14,8,1,9,17,쇼핑,2,4,5,11,5,4,11,1647.5805,0.0,1647.5805
1326,523,1,0,2,8,호주, ,1,2,3,2,5,8,1,3,2,4,친구/연인,2,개별여행,9,4,4,5,4,3,3,5,5,4,5,5,5,4,4,3,1, ,8, , , , , , , ,3, ,2, , , , , , ,1, ,3, , ,6, , , , ,1,13,11,1,17,20,쇼핑,2,3,7,10,4,10,11,574.32,215.37,358.95
1327,524,2,2,2,2,호주, ,2,2,1, , ,9,1,1,5,7,친구/연인,2,개별여행,2,5,1,4,5,5,5,4,4,4,4,4,3,5,5,5,1, , ,9, , , , , , , , , , , , , , , ,1, , ,4, , , , , , ,49, , ,1,10,17,식도락,1,7,10, ,5,10,15,254.8545,254.8545,0.0
1332,723,2,1,3,5,호주,4,1,2,8, , ,6,1,2,4,7,친구/연인,7,개별여행,15,4,4,5,5,5,5,5,4,3,5,4,4,4,2,4,1, , , , , , , , , , , , , , , ,16, , ,1, , , , , , ,8, , ,125,14,129,1,18,9,자연경관감상,1,7,9,11,4, , ,1220.43,717.9,502.53
1348,261,1,1,2,5,호주, ,2,3,2,3, ,6,1,6,4,9,친구/연인,2,개별여행,6,5,5,5,5,5,3,3,4,5,4,5,4,5,5,5,1, , , , , , , , , , , , , , , , , , ,1, , , , , , , , , ,4,9,6,7,1,11,유흥.오락,1,4,5,7,4,7,16,972.8,0.0,972.8
1349,265,2,2,2,5,호주, ,1,3,3,2, ,3,1,3,4,11,가족/친지,2,개별여행,6,5,5,5,5,5,5,5,5,5,5,5,5,5,5,5,1, , , , , , , , , , , , , , , , , , ,1, , , , , , , , , ,1,3,5,17,20,1,고궁/역사유적지방문,1,1,5,7,4,5,6,1631.573524,772.8506166,858.7229073
1362,723,2,5,2,10,호주,1,1,3,3, , ,1,1,7, , ,혼자,1,개별여행,6,4,5,4,4,4,4,4,3,4,4,4,4,4,3,4,1, , , , , , , , , , , ,2, , , , , , ,1, , , , ,6, , , , ,6,5,8,21,1, ,시티투어버스이용,1,9, , ,4,6, ,646.0,380.0,266.0
1378,378,1,2,2,2,호주, ,1,4,5,2,3,10,1,4,2,7,가족/친지,2,개별여행,5,4,5,5,5,5,5,3,3,3,4,4,4,4,3,4,1, , , , , , , , , , , , , , , , , , ,1, , , , , , , , , ,1,6,14,1,2,17,식도락,1,2,3,4,3,4,8,1141.05,380.35,760.7
1381,486,1,3,2,2,호주, ,10,4,3,2, ,1,6, , , ,혼자,1,개별여행,4,5,4,5,5,5,4,5,5,3,5,5,5,5,5,5,1, , , , , , , , , , , , , , , , , , ,1, , , , , , , , , ,7,9,8,1,11,16,레포츠활동,1,3, , ,5,6,15,2738.52,2738.52,0.0
1390,836,1,4,2,4,호주, ,1,4,2, , ,2,6, , , ,혼자,1,개별여행,2,4,3,5,4,4,9,3,3,4,3,5,3,4,4,4,1, , , , , , , , , , , , , , , , , , ,1, , , , , , , , , ,10, , ,16,13, ,업무수행,1,12, , ,21, , ,571.3985,263.7223531,307.6760786
1391,838,1,3,4,4,호주, ,1,4,3,4,7,8,1,3,1,16,혼자,1,개별여행,5,5,5,5,4,5,4,5,3,3,4,5,4,5,4,5,1, ,8, , , , , , , , , , , , , , , , ,1, ,3, , , , , , , ,17,1,18,17,20,18,고궁/역사유적지방문,1,9, , ,11, , ,464.027,197.782,266.245
1392,840,2,2,2,2,호주, ,1,4,3,5,2,3,1,4,16,8,친구/연인,2,개별여행,12,2,5,3,3,4,4,4,1,1,3,3,5,2,3,2,1, , , , , ,11, , , , , , , , , , , , ,1, , , ,5, , , , , ,63,5,6,1,18,19,공연/민속행사/축제참가관람,2,4,7,10,4,10,14,2510.31,1445.33,1064.98
1407,185,2,2,2,2,호주, ,1,5,3,2, ,2,6, , , ,혼자,1,개별여행,2,4,3,3,3,4,5,4,4,5,4,5,3,4,3,4,1, , , , , , , , , , , , , , , , , , ,1, , , , , , , , , ,8,3,16,17,15,18,자연경관감상,1,1,5,8,5, , ,450.84,450.84,0.0
1419,655,2,4,3,4,호주, ,1,5,5, , ,6,1,13,3, ,가족/친지,2,에어텔여행,4,4,5,5,4,3,4,5,5,4,3,4,3,3,4,4,1, , , , , , , , , , , , , , , , , , ,1, , , , , , , , , ,20,5,2,17,19,21,공연/민속행사/축제참가관람,1,4, , ,5,6, ,3757.0,3757.0,0.0
1449,507,2,5,2,9,호주, ,1,6,3,1, ,12,6, , , ,직장동료,46,개별여행,11,4,5,5,5,4,4,4,4,4,4,4,3,4,3,4, , , , , , , , , , , , , , , , ,16, , , , , , , , , ,8, , ,136,127,128,12,1,18,직업적스포츠홀동,1,3,9, ,4,10,15,1847.25,1477.8,369.45
1450,508,1,1,1,3,호주, ,2,6,2,4,1,6,6, , , ,직장동료,47,개별여행,11,5,3,3,5,5,5,4,3,4,4,4,3,5,4,4, , , , , , , , , , , , , , , , ,16, , , , , , , , , ,8, , ,132,128,127,12,14,1,직업적스포츠홀동,1,3,9,10,4,10,12,1123.128,738.9,384.228
1451,601,1,0,1,8,호주, ,1,6,2, , ,6,7, , , ,친구/연인,21,개별여행,6,4,4,4,4,4,4,5,4,3,3,4,3,4,3,4, , , , , , , , , , , , , , , , ,16, , , , , , , , , ,8, , ,129, , ,11,1,7,레포츠활동,1,1,9, ,4,16, ,1256.13,886.68,369.45
1452,625,1,1,3,8,호주, ,1,6,2,3, ,6,6, , , ,친구/연인,25,개별여행,10,4,4,4,5,4,4,4,3,4,4,4,4,4,3,4, , , , , , , , , , , , , , , , ,16, , , , , , , , , ,8, , ,136, , ,12,17,1,고궁/역사유적지방문,1,1,3,9,3,4,11,2696.985,886.68,1810.305
1456,749,2,1,2,4,호주, ,1,6,2,3,4,2,1,3,1,4,친구/연인,2,개별여행,5,5,5,5,5,5,5,5,5,5,5,5,5,5,5,5,1, , , , , , , , , , , , , , , , , , ,1, , , , , , , , , ,4,5,13,17,18,1,고궁/역사유적지방문,2,7,9,10,5, , ,280.325,0.0,280.325
1476,754,1,2,2,8,호주, ,3,7,1,3,2,12,7, , , ,혼자,1,개별여행,13,5,5,5,5,5,5,5,5,5,5,5,3,4,3,3,1, , , , , , , , , ,3, ,2, , , , , , ,1, , , , ,6, , , , ,14,6,5,4,10,14,연수/교육/연구,5,7,11, ,1,3,9,900.0,0.0,900.0
1486,1853,1,1,1,7,호주, ,1,7,3,2,1,4,1,12,1,3,친구/연인,2,개별여행,4,4,4,4,5,5,4,4,4,4,5,4,4,5,4,4,1, , , , , , , , , , , ,2, , , , , , ,1, , , , ,6, , , , ,96,1,6,18,17,1,자연경관감상,2,1,8,9,1,6,18,1034.1,497.9,536.2
1540,54,1,2,1,6,호주,1,1,10,3, , ,6,1,2,3,4,가족/친지,5,개별여행,3,5,5,5,5,5,5,5,5,5,5,5,4,5,4,4,1, , , , , , , , , , , , , , , , , , ,1, , , , , , , , , ,10,1,8,7,17,2,테마파크,1,4,5, ,3,4,5,2304.3,1536.2,768.1
1546,504,2,5,3,5,호주, ,20,10,2,3,7,6,6, , , ,혼자,1,개별여행,5,5,3,5,4,5,5,3,5,5,5,5,5,5,5,5,1, , , , , , , , , , , , , , , , , , ,1, , , , , , , , , ,20, , ,15,14,1,미팅/회의/학술대회/박람회참가,1,1,9, ,8,14,18,916.6953134,881.4378013,35.25751205
1562,85,2,1,3,8,호주, ,1,11,3,2, ,5,1,2,4,9,친구/연인,5,개별여행,5,3,4,3,3,4,2,3,3,5,2,4,3,3,4,4,1, , , , , , , , , , , , , , , , , , ,1, , , , , , , , , ,5, , ,1,2,9,식도락,1,2,5, ,5,12, ,1228.96,230.43,998.53
1573,627,1,3,3,2,호주, ,3,11,9, , ,1,6, , , ,혼자,1,개별여행,3,4,3,3,5,5,9,5,5,4,4,5,4,4,5,5,1, , , , , , , , , , , , , , , , , , ,1, , , , , , , , , ,11, , ,16, , ,업무수행,1,12, , ,21, , ,560.713,560.713,0.0
1601,807,2,0,2,8,호주, ,1,12,3,2,4,6,1,4,9, ,친구/연인,5,개별여행,10,4,5,3,4,5,4,5,4,3,4,4,3,5,3,4,1, , , , , , , , , , , ,2, , , , , , ,1, , , , ,6, , , , ,103,104,1,17,1,20,고궁/역사유적지방문,2,3,5,7,4,5,6,659.025,0.0,659.025
2095,659,1,1,2,8,호주, ,2,1,2,3,5,3,5, , , ,혼자,1,개별여행,7,4,5,4,4,4,5,4,4,3,3,4,5,5,5,5,1, , , , , , , , , , , , , , , , , , ,1, , , , , , , , , ,1,8,9,20,17,1,고궁/역사유적지방문,7,2,3, ,5,13,16,568.5648611,0.0,568.5648611
2228,1013,1,2,2,2,호주, ,1,1,2,3, ,2,6, , , ,혼자,1,개별여행,4,5,5,5,3,4,3,5,4,3,4,5,4,5,5,5, , , , , , , , , , , , , , , , ,16, , , , , , , , , ,8, , ,124, , ,16,1, ,쇼핑,1,1, , ,7,4, ,2081.91,1005.06,1076.85
2263,1060,1,4, ,2,호주, ,8,1,9, , ,1,6, , , ,혼자,1,개별여행,7,5,5,5,5,5,9,5,5,3,5,5,4,4,4,4,1, , , , , , , , , , , , , , , , , , ,1, , , , , , , , , ,136, , ,16,17,10,고궁/역사유적지방문,1,12, , ,21, , ,791.9296279,731.0119642,60.91766369
2273,1076,1,1,3,5,호주, ,1,1,3,2,5,6,1,4,2,6,친구/연인,5,개별여행,16,4,4,4,4,5,5,5,4,4,5,4,4,4,1,5,1, , , , , , , , , , , , , , , ,16, , ,1, , , , , , ,8, , ,5,10,128,1,7,18,온천/스파,2,3,7,10,3,4,13,825.585,502.53,323.055
2275,1079,1,4,3,7,호주, ,4,1,2, , ,2,6, , , ,혼자,1,개별여행,13,5,5,5,5,5,5,5,5,2,5,5,5,5,5,5,1, , , , , , , , , , , , , , , , , , ,1, , , , , , , , , ,20, , ,16,1, ,업무수행,1,1, , ,4, , ,2250.0,2000.0,250.0
2278,1083,1,2,2,2,호주, ,5,1,9, , ,2,6, , , ,혼자,1,개별여행,4,5,5,4,5,4,9,4,4,4,3,5,4,4,5,4,1, , , , , , , , , , , , , , , , , , ,1, , , , , , , , , ,20, , ,16,2, ,식도락,1,12, , ,21, , ,717.9,502.53,215.37
2315,1131,1,1,3,7,호주, ,3,1,2, , ,6,5, , , ,친구/연인,2,개별여행,21,5,5,5,5,5,5,5,5,5,5,5,5,5,5,5,1, , , , , , , , , , , ,2, , , ,16, , ,1, , , , ,6, ,8, , ,129,125,98,18,17,10,고궁/역사유적지방문,1,4, , ,4,16, ,2225.49,1148.64,1076.85
2316,1134,1,4,1,2,호주, ,1,1,3, , ,1,1,3,8, ,혼자,1,개별여행,5,5,5,5,5,5,5,5,5,4,4,5,4,5,5,5,1, , , , , , , , , , , , , , , , , , ,1, , , , , , , , , ,4,12,1,17,18,1,고궁/역사유적지방문,1,9, , ,18, , ,1794.75,1435.8,358.95
2330,1153,1,5,2,1,호주, ,3,1,2,1, ,1,5, , , ,혼자,1,개별여행,7,5,5,5,5,5,5,5,2,2,5,5,3,2,5,2, , ,8, , , , , , , , , , , , , , , , , , ,3, , , , , , , ,41, , ,1,18, ,쇼핑,1,9,10, ,7,10, ,491.7615,394.845,96.9165
2331,1154,1,4,3,2,호주, ,20,1,9, , ,2,6, , , ,혼자,1,개별여행,7,5,4,5,5,4,4,4,5,3,3,5,5,5,5,5,1, , , ,6, , , , , , , , , , , , , , ,1, , , ,5, , , , , ,1,10,20,16,21,17,시티투어버스이용,1,2,9, ,5,16, ,768.153,646.11,122.043
2339,1164,1,0,1,8,호주, ,1,1,9, , ,2,1,13,8,2,혼자,1,개별여행,7,5,5,5,4,5,5,4,4,5,5,5,4,5,5,5,1, , , , , , , , , , , , , , , , , , ,1, , , , , , , , , ,14,15, ,1,7,20,유흥.오락,2,9,11, ,4,13,19,341.9511522,0.0,341.9511522
2383,1230,2,0,2,8,호주, ,1,1,3,5,2,2,1,2,4,1,친구/연인,5,개별여행,8,5,5,4,4,5,5,5,4,4,4,4,5,5,3,4,1, , , , , , , , , , , , , , , , , , ,1, , , , , , , , , ,14,1,16,1,17,18,쇼핑,2,7,9,10,4,5,19,1234.788,157.938,1076.85
2393,1241,2,1,3,2,호주, ,2,1,3,2, ,3,1,3,4,12,혼자,1,개별여행,8,5,4,4,3,3,3,3,4,4,4,4,3,4,4,4,1, , , , , , , , , , , , , , , , , , ,1, , , , , , , , , ,9,14,20,7,19,10,유흥.오락,4,1,9, ,4,6,7,649.7884126,0.0,649.7884126
2400,1255,2,4,2,5,호주, ,5,1,2,3, ,1,5, , , ,가족/친지,3,개별여행,12,5,5,5,5,5,5,5,5,5,5,5,5,5,5,5,1,4, , , , , , , , , , , , , , , , , ,1,2, , , , , , , , ,5,3, ,1,21, ,쇼핑,4,3,7, ,5, , ,358.95,0.0,358.95
2412,1269,2,1,2,8,호주, ,10,1,3,2,5,2,1,2,13,4,혼자,1,개별여행,5,5,5,5,4,5,5,4,4,3,3,4,4,5,5,5,1, , , , , , , , , , , , , , , , , , ,1, , , , , , , , , ,5,20,17,1,17,18,자연경관감상,1,1,3,7,3,4,5,968.1847348,107.2150881,860.9696468
2418,1276,2,2,3,5,호주, ,1,1,3,6,4,1,1,1,3,4,가족/친지,2,개별여행,9,5,5,5,5,5,5,5,5,5,5,5,3,5,5,5,1, ,8,9, , , , ,14, , , ,2, , , , , , ,1, ,3,4, ,6, , , , ,72,8,17,11,22,17,전통문화체험,1,3,4,5,4,11, ,2907.495,2728.02,179.475
2433,1298,2,4,3,2,호주, ,1,1,3, , ,3,6, , , ,혼자,1,개별여행,4,5,4,4,5,5,4,4,4,5,4,5,2,5,5,5,1, ,8, , , , , , , , , , , , , , , , ,1, ,3, , , , , , , ,1, , ,16,15,17,고궁/역사유적지방문,1,9, , ,18, , ,609.1766369,406.1177579,203.058879
2435,1301,2,3,2,2,호주, ,10,1,9, , ,3,6, , , ,직장동료,2,개별여행,4,5,2,5,5,5,9,5,5,4,4,5,4,4,5,5,1, , , , , , , , , , , , , , , , , , ,1, , , , , , , , , ,6,136, ,16,2, ,식도락,1,12, , ,21, , ,610.215,502.53,107.685
2467,1339,2,1,2,5,호주, ,1,1,3, , ,6,4,7, , ,친구/연인,2,개별여행,7,5,5,5,5,5,5,4,5,5,5,5,5,5,5,5,1, , , , , , , , , , , , , , , , , , ,1, , , , , , , , , ,5,14,10,1,9,7,쇼핑,2,3,7,9,5,10,13,406.1177579,406.1177579,0.0
2468,1340,2,1,2,5,호주, ,1,1,3,5,2,3,4,3,2,1,혼자,1,개별여행,6,5,5,5,5,5,5,5,5,5,5,5,4,4,5,5,1, , , , , , , , , , , , , , , , , , ,1, , , , , , , , , ,14,5,2,1,20,19,쇼핑,4,3,6,7,5,10, ,487.3413095,487.3413095,0.0
2471,1344,2,0,1,8,호주, ,4,1,2,3, ,3,5, , , ,혼자,1,개별여행,30,4,5,4,4,4,5,4,3,3,4,4,4,4,4,4,1, , , , ,10, , , , , , ,2, , , ,16, , ,1, , , ,5,6, ,8, , ,8,7,3,1,22,9,쇼핑,1,5,7,9,4,14,15,812.2355158,0.0,812.2355158
2491,1374,2,1,2,4,호주, ,2,1,3,5,2,12,1,2,4,13,가족/친지,4,개별여행,15,5,5,4,4,5,5,4,4,4,4,4,5,5,4,5,1, , , , , , , , , , , , , , , , , , ,1, , , , , , , , , ,5,14,4,1,7,17,쇼핑,2,7,9,11,4,5,6,1579.38,358.95,1220.43
2507,1395,2,2,2,7,호주, ,1,1,2,3,5,4,5, , , ,친구/연인,2,개별여행,8,4,4,5,5,5,4,5,5,4,4,4,3,4,4,4,1, , , , , , , , , ,3, ,2, , , , , , ,1, , , , ,6, , , , ,1,14,91,1,18,20,쇼핑,1,9, , ,4,5,18,387.666,315.876,71.79
2717,140,2,0,2,8,호주, ,2,2,3,2,4,3,1,13,2,4,친구/연인,7,개별여행,8,5,5,5,5,5,5,5,4,4,5,4,4,5,5,4,1, , , , , , , , , , , , , , , , , , ,1, , , , , , , , , ,16,9,5,1,22,17,쇼핑,2,6,7,10,13, , ,1177.356,0.0,1177.356
2718,141,2,0,1,8,호주, ,4,2,5,2,3,6,5, , , ,혼자,1,개별여행,50,5,5,4,4,5,5,4,4,5,4,4,5,5,5,5,1, , , , , , , , , , , , , , , , , , ,1, , , , , , , , , ,20,10,14,1,9,3,쇼핑,4,3,5,7,3,4,6,848.7091134,0.0,848.7091134
2833,276,1,1,1,8,호주, ,1,2,3,2,5,6,1,3,4,2,친구/연인,21,에어텔여행,12,5,5,5,4,5,5,5,5,5,5,5,3,5,5,5,1,4, , , , , , , , , , , , , , , , , ,1,2, , , , , , , , ,20,4,1,22,17,20,박물관/전시관방문,1,3,4,9,4,10,11,1600.917,1435.8,165.117
2834,277,1,2,2,2,호주, ,1,2,3,2,4,4,1,3,4,1,친구/연인,21,에어텔여행,12,4,4,5,2,4,4,4,4,3,4,5,3,4,4,4,1,4, , , , , , , , , , , , , , , , , ,1,2, , , , , , , , ,6,2,1,13,17,20,고궁/역사유적지방문,1,4,5,7,1,4, ,2584.44,1148.64,1435.8
2835,278,1,3,3,2,호주, ,3,2,2, , ,2,6, , , ,혼자,1,개별여행,18,4,4,4,4,4,4,4,4,3,4,5,4,4,4,4,1, , , , , , , , , , , , , , , , , , ,1, , , , , , , , , ,1,5, ,16,17,1,고궁/역사유적지방문,1,3,7, ,4,5, ,2728.02,717.9,2010.12
2836,279,1,4,2,2,호주, ,10,2,3, , ,3,6, , , ,혼자,1,개별여행,2,4,2,3,4,4,9,4,4,4,4,5,4,4,5,5,1, , , , , , , , , , , , , , , , , , ,1, , , , , , , , , ,20, , ,16, , ,업무수행,1,12, , ,21, , ,380.487,380.487,0.0
2837,280,2,1,2,8,호주, ,1,2,8,3, ,5,1,6,2,4,친구/연인,21,에어텔여행,12,5,4,4,3,5,4,4,4,4,4,4,3,4,5,5,1,4, , , , , , , , , , , , , , , , , ,1,2, , , , , , , , ,9,1,5,14,22,7,쇼핑,1,7,10, ,4,5,10,2081.91,646.11,1435.8
2838,281,2,1,3,3,호주, ,1,2,3,5, ,6,1,1,3,4,가족/친지,2,개별여행,12,5,5,4,4,5,5,5,4,3,5,4,3,5,4,5,1, , , , , , , , , , , , , , , , , , ,1, , , , , , , , , ,9,2,16,3,1,18,온천/스파,2,3,9, ,4,5,18,3086.97,1794.75,1292.22
2934,403,1,4,3,2,호주, ,20,2,9, , ,1,6, , , ,혼자,1,개별여행,6,3,1,3,3,5,9,3,3,3,3,5,3,3,4,2, ,4,8, , , , , , , , , , , , , , , , , ,2,3, , , , , , , ,22,136, ,16,2, ,식도락,1,12, , ,21, , ,886.6065,886.6065,0.0
2935,405,1,3,2,2,호주, ,50,2,9, , ,6,6, , , ,혼자,1,개별여행,5,5,5,5,5,5,9,4,4,3,4,5,5,5,5,5,1, , , , , , , , , , , , , , , , , , ,1, , , , , , , , , ,5, , ,16,15, ,미팅/회의/학술대회/박람회참가,1,12, , ,21, , ,682.005,682.005,0.0
2936,406,1,3,3,2,호주, ,6,2,2, , ,3,6, , , ,혼자,1,개별여행,15,5,3,4,5,5,9,5,4,5,4,5,5,5,5,5,1,4, , , , , , , , , , , , , , , , , ,1,2, , , , , , , , ,20,21, ,16, , ,업무수행,1,12, , ,21, , ,2440.86,2440.86,0.0
2937,409,2,4,2,1,호주, ,1,2,2,3, ,3,5, , , ,가족/친지,2,개별여행,12,4,3,4,4,5,5,4,4,4,5,5,4,5,4,4,1, ,8, , , , , , , , , ,2,5,12, , , , ,1, ,3, , ,6,7, , , ,108,105,1,17,22,3,온천/스파,2,4,5,6,4,5,11,780.8123844,441.328739,339.4836454
3025,518,1,4,1,3,호주, ,3,2,2, , ,3,6, , , ,혼자,1,개별여행,42,4,4,3,4,4,3,3,4,4,3,4,4,4,4,4,1, , , , , , , , , , , ,2, , , , , , ,1, , , , ,6, , , , ,74,9,104,16, , ,업무수행,8,3, , ,4, , ,1722.96,0.0,1722.96
3026,520,1,3,2,2,호주, ,2,2,9, , ,3,6, , , ,혼자,1,개별여행,6,4,5,4,5,4,9,4,4,4,4,4,4,4,5,3,1, , , , , , , , , , , , , , , , , , ,1, , , , , , , , , ,7, , ,15,16, ,미팅/회의/학술대회/박람회참가,1,12, , ,21, , ,560.1480149,560.1480149,0.0
3027,521,1,1,2,8,호주, ,1,2,3,4,2,4,1,3,4,9,친구/연인,2,개별여행,8,5,5,5,5,5,9,5,5,5,5,5,4,5,5,5,1, , , , , , , , , , , , , , , , , , ,1, , , , , , , , , ,14,1,9,19,7,22,전통문화체험,1,12, , ,21, , ,969.165,0.0,969.165
3028,525,2,1,2,8,호주, ,2,2,2,4,5,6,1,16,4,2,가족/친지,2,개별여행,4,5,5,3,5,5,5,4,4,3,5,5,5,5,4,5,1, , , , , , , , , , , , , , , , , , ,1, , , , , , , , , ,5,16,6,22,1,18,전통문화체험,1,1,4,7,5,6,10,287.16,287.16,0.0
3191,718,1,5,3,2,호주, ,50,2,9, , ,2,6, , , ,혼자,1,개별여행,3,4,4,4,4,4,4,4,4,4,4,4,4,4,4,4, , ,8, , , , , , , , , , , , , , , , , , ,3, , , , , , , ,30, , ,16,13, ,업무수행,1,1, , ,2, , ,424.7789113,424.7789113,0.0
3192,719,1,1,3,8,호주, ,1,2,2,3, ,2,1,3,2,8,친구/연인,2,개별여행,10,4,4,4,4,5,4,4,5,3,4,4,4,5,4,4,1, , , , , , , , , , , , , , , , , , ,1, , , , , , , , , ,5,14,1,1,22,7,고궁/역사유적지방문,1,3,7,8,3,4,5,1819.8765,0.0,1819.8765
3193,720,1,1,3,5,호주, ,3,2,3,2,5,6,6, , , ,혼자,1,개별여행,61,4,5,5,4,5,3,4,4,3,5,5,4,5,5,5,1,4, , , , , , , , , , , , , , , , , ,1,2, , , , , , , , ,25,8,5,18,20,22,전통문화체험,1,5,7,8,9,11,16,4594.56,3445.92,1148.64
3194,721,2,5,2,2,호주, ,12,2,9, , ,2,6, , , ,혼자,1,개별여행,8,5,5,5,5,5,5,5,5,4,5,5,5,5,5,5,1, , , , , , , , , , , , , , ,13, , , ,1, , , , , ,7, , , ,117,3,10,16,1, ,쇼핑,1,3, , ,5,6, ,1435.8,1005.06,430.74
3195,724,2,2,3,7,호주, ,1,2,3,4,2,6,1,1,2,3,친구/연인,3,개별여행,11,5,3,4,4,5,5,5,4,2,4,4,3,5,5,5,1, , , , , , , , , , , , , , , , , , ,1, , , , , , , , , ,1,16,17,2,1,17,고궁/역사유적지방문,1,7,9,10,4,10, ,1435.8,358.95,1076.85
3239,783,2,1,3,12,호주, ,1,2,2, , ,6,1,17,8, ,가족/친지,2,개별여행,8,3,3,5,3,3,9,3,2,3,3,4,4,3,2,3, , , ,9, , , , , , , , , , , , , , , , , , ,4, , , , , , ,49, , ,10, , ,스포츠활동,1,12, , ,21, , ,1220.43,789.69,430.74
3430,1862,1,2,2,2,호주, ,1,2,3,2,1,2,1,1,8,11,친구/연인,2,개별여행,7,4,4,4,4,4,4,4,3,4,4,4,4,4,4,4,1, , , , , , , , , , , ,2, , , , , , ,1, , , , ,6, , , , ,1,16,96,17,21,18,시티투어버스이용,1,1,9, ,4,10,14,891.1445691,339.4836454,551.6609237
3431,1863,2,1,2,2,호주,2,1,2,1,3, ,2,1,4,1,3,가족/친지,5,개별여행,8,4,4,4,4,5,5,4,3,4,4,4,3,4,4,4,1, , , , , , , , , , , ,2, , , , , , ,1, , , , ,6, , , , ,3,5,96,17,1,2,고궁/역사유적지방문,1,3,5,7,3,5,15,2000.0,1000.0,1000.0
3582,2150,2,1,2,5,호주, ,2,2,2,3,5,13,7, , , ,혼자,1,개별여행,83,5,4,5,5,5,5,4,4,4,5,5,5,5,5,5,1, , , ,6, , , , , , , , , , , , , , ,1, , , ,5, , , , , ,10,14,20,14,15,19,공연/민속행사/축제참가관람,2,3,9,10,4,10,16,670.4801996,0.0,670.4801996
3679,99,1,2,3,2,호주, ,4,3,2, , ,1,6, , , ,혼자,1,개별여행,5,5,4,4,4,4,4,4,4,4,4,4,4,4,4,4,1, , , , , , , , , , , , , , , , , , ,1, , , , , , , , , ,10,20, ,16, , ,업무수행,1,3, , ,11, , ,836.0,760.0,76.0
3813,260,1,0,1,8,호주, ,6,3,2,3,5,4,7, , , ,혼자,1,개별여행,70,4,4,5,3,4,4,3,3,4,4,5,4,4,5,4,1, , , ,6, , , , , , , , , , , , , , ,1, , , ,5, , , , , ,14,9,5,10,14,1,스포츠활동,5,6,7,10,4,10,16,2052.0,1292.0,760.0
3814,263,1,2,2,5,호주, ,1,3,2, , ,1,6, , , ,혼자,1,개별여행,4,4,5,5,4,4,4,4,3,5,3,5,3,5,5,5,1, , , , , , , , , , , , , , , , , , ,1, , , , , , , , , ,20,5,7,15,1, ,미팅/회의/학술대회/박람회참가,1,7,11, ,4, , ,836.0,684.0,152.0
3815,266,2,1,2,5,호주, ,1,3,3, , ,4,1,9,4,17,친구/연인,4,개별여행,8,5,5,5,5,5,5,5,5,5,5,5,4,5,5,5,1, , ,9, , , , , , , , , , , , ,16, , ,1, , ,4, , , ,8, , ,48,4, ,17,10,18,스포츠활동,1,9, , ,18, , ,1596.0,836.0,760.0
3816,267,2,4,2,5,호주, ,20,3,3,2, ,2,5, , , ,가족/친지,2,개별여행,7,4,5,4,5,3,4,3,2,3,3,5,4,3,3,3,1, , , , , , , , , , , , , , , , , , ,1, , , , , , , , , ,3,5, ,1,2, ,쇼핑,4,3,7,8,4,10,14,927.2,927.2,0.0
3817,268,2,4,2,3,호주, ,1,3,3,1, ,6,1,3,2,4,친구/연인,2,개별여행,8,5,5,5,5,5,5,5,5,5,5,5,4,5,3,5,1, , , , , , , ,14, , , , , , , , , , ,1, , , , ,6, , , , ,74,72,1,17,1,18,고궁/역사유적지방문,1,3,4,5,15,17,18,912.0,380.0,532.0
3934,417,1,1,3,1,호주, ,10,3,3,2,6,26,7, , , ,혼자,1,개별여행,16,4,4,4,4,4,4,4,4,4,4,4,4,4,4,4,1, ,8, , , , , , , , , , , , , ,16, , ,1, ,3, , , , ,8, , ,124,127,1,1,7,2,쇼핑,1,7,9, ,3,4, ,1250.0,50.0,1200.0
3935,418,1,2,2,3,호주, ,1,3,3, , ,3,1,1,4, ,친구/연인,2,개별여행,7,4,5,4,4,4,3,4,5,5,4,5,4,4,4,4,1, , , , , , , , , , , , , , , ,16, , ,1, , , , , , ,8, , ,124,129,1,1,20,11,레포츠활동,1,2,3, ,4,11, ,524.4,456.0,68.4
3936,419,1,3,3,4,호주, ,4,3,2,3, ,2,2,14, , ,혼자,1,개별여행,5,5,5,5,5,5,4,3,5,4,5,5,4,4,5,5,1, , , , , , , , , , , , , , , , , , ,1, , , , , , , , , ,9,19, ,6,1, ,쇼핑,1,3,9, ,4,5,9,13072.0,12920.0,152.0
3965,456,1,3,2,2,호주, ,1,3,3,1, ,3,6, , , ,혼자,1,개별여행,6,5,5,5,5,5,4,5,5,5,5,5,3,5,5,5,1, , , , , , , , , , , , , , , , , , ,1, , , , , , , , , ,1,7,20,16,17,1,쇼핑,1,1,2,7,5,9,19,1824.0,1824.0,0.0
4114,625,1,5,1,10,호주, ,1,3,3, , ,5,1,17, , ,혼자,1,개별여행,21,4,5,2,4,4,4,3,3,2,2,5,3,3,5,5,1, , ,9, , , , , , , , , , , , , , , ,1, , ,4, , , , , , ,49,6,2,21,17,18,스포츠활동,1,4,5, ,4, , ,2014.0,0.0,2014.0
4115,627,2,3,3,2,호주, ,4,3,2,3,5,1,1,4,10,16,가족/친지,2,개별여행,4,4,4,5,4,5,4,4,3,3,3,4,4,4,5,5,1, , , , , , , , , , , , , , , , , , ,1, , , , , , , , , ,5,18, ,1,2, ,식도락,1,2,7, ,5,8,14,760.0,760.0,0.0
4116,628,2,2,3,2,호주, ,1,3,3,5,4,3,1,4,2,3,친구/연인,2,개별여행,8,4,5,5,4,5,4,4,4,3,4,4,4,4,4,4,1, , , , , , , , , , , , , ,12, , , , ,1, , , , , ,7, , , ,1,5,16,1,17,18,고궁/역사유적지방문,1,3,7,10,4,5,10,2158.4,2158.4,0.0
4117,630,2,3,2,2,호주, ,3,3,3,4,6,2,1,3,2,4,가족/친지,2,개별여행,8,4,4,4,4,4,4,4,4,4,4,4,4,4,4,4,1, , , , , , , , , , , , , , , , , , ,1, , , , , , , , , ,6,5,3,1,17, ,쇼핑,1,4,5,7,5,9,19,1442.654484,815.7867619,626.8677223
4118,631,2,1,2,5,호주, ,3,3,3, , ,3,1,3,4,7,혼자,1,개별여행,4,5,5,5,5,5,5,5,5,5,5,5,5,5,5,5,1, ,8, , , , , , , , , , , , , , , , ,1, ,3, , , , , , , ,1,16,30,2,1,17,식도락,7,6,7,9,3,4, ,592.8,0.0,592.8
4119,632,2,1,3,8,호주, ,1,3,1,3, ,1,5, , , ,혼자,1,개별여행,15,5,5,4,4,5,5,5,5,3,4,4,4,4,4,4,1, , , , , , , , , , , ,2, , , , , , ,1, , , , ,6, , , , ,5,1,19,1,17,18,고궁/역사유적지방문,4,7, , ,4, , ,722.0,0.0,722.0
4186,722,1,1,3,4,호주, ,2,3,2,6,3,3,1,9,11,3,가족/친지,2,개별여행,15,4,5,5,5,5,5,5,5,5,5,5,5,5,5,5,1, , , , , , , , , , , ,2, , , ,16, , ,1, , , , ,6, ,8, , ,124,96,5,22,7,1,업무수행,1,5,6,7,1,4,11,1748.0,912.0,836.0
4410,1071,2,3,2,3,호주, ,1,3,3,5, ,3,1,3,1,4,가족/친지,2,개별여행,5,5,4,4,5,5,5,5,5,5,5,5,4,4,5,5,1, ,8, , , , , , , , , , , , , , , , ,1, ,3, , , , , , , ,30,1,3,17,2,4,휴양/휴식,1,2,8, ,9,10,18,778.0,760.0,18.0
4411,1072,1,0,2,8,호주, ,1,3,3,2, ,3,5, , , ,혼자,1,개별여행,7,5,4,3,4,5,4,5,4,4,4,4,4,4,5,5,1, , , , , , , , , , , , , , , , , , ,1, , , , , , , , , ,3,17,8,17,23,2,기타,4,2,5,10,3,10,16,817.0,800.0,17.0
4568,1858,1,2,2,7,호주, ,1,3,3,1,2,4,1,3,1,2,친구/연인,2,개별여행,7,4,4,4,4,5,5,4,4,4,5,4,4,4,4,4,1, , , , , , , , , , , ,2, , , ,16, , ,1, , , , ,6, ,8, , ,127,9,2,4,18,2,자연경관감상,2,1,9, ,4,12,13,893.0718236,188.9190396,704.152784
4584,1880,2,1,2,2,호주, ,1,3,3,2, ,3,1,1,3,4,친구/연인,2,개별여행,6,5,5,5,4,4,4,5,5,4,4,4,4,5,5,5,1, , ,9, , , , , , , , ,2, , , , , , ,1, , ,4, ,6, , , , ,45,5,100,17,1,7,고궁/역사유적지방문,1,1,7,9,6,10,19,1170.4,410.4,760.0
4664,89,1,5,3,2,호주, ,4,4,9, , ,3,6, , , ,혼자,1,개별여행,3,5,5,5,5,5,9,4,4,4,4,4,5,5,5,5,1, , , , , , , , , , , , , , , , , , ,1, , , , , , , , , ,20, , ,16, , ,업무수행,1,12, , ,21, , ,304.28,228.21,76.07
4665,91,1,4,3,2,호주, ,1,4,2, , ,3,5, , , ,가족/친지,2,개별여행,14,4,5,5,4,5,4,4,5,4,4,5,4,5,5,5,1, , , , , , , , , , , ,2, , , , , , ,1, , , , ,6, , , , ,10,1,96,17,22,21,고궁/역사유적지방문,1,2, , ,5,10, ,2198.423,1186.692,1011.731
4775,212,1,0,2,8,호주, ,1,4,3,5,1,3,7, , , ,친구/연인,22,단체여행,13,5,5,5,5,5,5,4,5,5,4,5,4,5,4,5,1, , , ,6, , , , , , , , , , , , , , ,1, , , ,5, , , , , ,1,5,54,14,22,7,전통문화체험,1,1,3,9,1,4,11,2129.96,1521.4,608.56
4776,213,1,0,1,8,호주, ,1,4,3,1,2,2,1,1,6, ,친구/연인,23,단체여행,14,5,4,5,5,5,5,5,4,4,4,5,3,4,3,5,1, , , , , , , , , , , , , , , , , , ,1, , , , , , , , , ,7,5,10,1,15,18,미팅/회의/학술대회/박람회참가,1,3,7,9,4,11,15,4564.2,4183.85,380.35
4777,214,1,2,2,2,호주, ,1,4,3,2,6,6,1,16,2,4,가족/친지,2,개별여행,10,5,4,5,4,5,4,5,5,4,3,4,4,5,4,5,1, , , , , , , , , , , , , , , , , , ,1, , , , , , , , , ,1,16,17,17,20,7,박물관/전시관방문,1,4,7,8,4,18, ,2282.1,0.0,2282.1
4778,215,1,5,3,2,호주, ,2,4,3,2, ,6,7, , , ,친구/연인,2,개별여행,14,5,5,5,5,5,5,5,5,5,5,5,5,5,5,5,1, , , , , , , , , , , , , , , , , , ,1, , , , , , , , , ,1,16,7,17,20,14,고궁/역사유적지방문,4,3,8, ,2,3, ,228.21,0.0,228.21
4779,216,1,1,2,1,호주, ,1,4,2,1, ,4,6, , , ,직장동료,22,단체여행,14,4,5,5,4,4,4,4,4,3,3,4,4,5,3,4,1,4, , ,6, , , , , , , , , , , , , , ,1,2, , ,5, , , , , ,1,54,21,15,17,13,시찰(산업시설등),1,3,8, ,4,5,10,4183.85,3993.675,190.175
4780,217,2,1,2,8,호주, ,2,4,3, , ,2,7, , , ,친구/연인,22,개별여행,14,5,5,5,5,5,5,5,5,4,5,5,4,5,4,4,1, , , ,6, , , , , , , , , , , , , , ,1, , , ,5, , , , , ,5,10,1,15,1,22,쇼핑,1,5,7,8,4,5, ,2228.851,1977.82,251.031
4781,218,2,5,2,10,호주, ,1,4,2,1,4,4,1,2,3,4,가족/친지,4,개별여행,10,5,5,5,5,5,5,5,5,5,5,5,5,5,5,5,1,4,8, , , , , , , , , ,2, , , , , , ,1,2,3, , ,6, , , , ,1,136,98,1,18,17,자연경관감상,1,4,5,6,4,10,18,1825.68,1521.4,304.28
4782,219,2,0,2,8,호주, ,1,4,1,3,4,2,7, , , ,친구/연인,22,단체여행,13,4,5,5,4,3,5,4,4,2,4,4,4,5,4,5,1,4, , ,6, , , , , , , , , , , , , , ,1,2, , ,5, , , , , ,8,16,54,1,15,7,쇼핑,1,3,7,8,4,5,6,2434.24,1901.75,532.49
4916,376,1,2,2,3,호주, ,3,4,3,2, ,8,5, , , ,가족/친지,2,개별여행,14,5,5,5,5,5,5,5,5,4,4,5,5,5,5,5,1, , , , , , , , ,15, , ,2, , , ,16, , ,1, , , , ,6, ,8, , ,136, ,1,17,23,18,기타,1,7,9,10,6,10,16,1901.75,1141.05,760.7
4917,379,1,1,3,5,호주, ,2,4,3,5,4,6,1,7,2,3,가족/친지,3,개별여행,6,4,4,4,4,3,3,4,4,2,3,4,4,4,3,4,1, , , , ,10, , , , , , , , , , , , , ,1, , , ,5, , , , , ,59,1,16,17,1,4,고궁/역사유적지방문,2,5,7,8,4,5,18,1551.828,106.498,1445.33
4918,380,1,2,2,2,호주, ,3,4,3,2, ,2,5, , , ,혼자,1,개별여행,4,4,5,5,3,5,3,3,3,3,4,5,4,4,4,4,1, , , , , , , , , , , , , , , , , , ,1, , , , , , , , , ,17,1,9,17,2,1,고궁/역사유적지방문,1,9, , ,18, , ,380.35,304.28,76.07
4919,381,1,2,2,5,호주,5,1,4,3,6,2,2,1,5,3,4,혼자,1,개별여행,11,4,5,4,5,5,4,4,4,3,5,4,4,5,5,5,1, , , , ,10,11, , , , , ,2, , , , , , ,1, , , ,5,6, , , , ,14,6,59,11,18,20,레포츠활동,1,1,4,9,10,15,20,2244.065,304.28,1939.785
4920,382,2,2,3,2,호주, ,2,4,3,5,2,3,5, , , ,가족/친지,5,개별여행,7,5,5,5,5,5,5,5,5,5,3,5,3,5,5,5,1, , , , , , , , , , , , , , , , , , ,1, , , , , , , , , ,1,4,17,1,3,20,쇼핑,1,3,5,9,3,4,6,1054.8894,703.2596083,351.6298041
4921,383,2,3,2,9,호주, ,6,4,1,2, ,2,5, , , ,혼자,1,개별여행,22,5,5,5,5,5,5,5,5,4,4,5,5,5,3,5, , , , , , , , , ,15, , ,2, , , , , , , , , , , ,6, , , , ,79,99, ,2,1,11,식도락,4,10, , ,2, , ,175.8149,0.0,175.8149021
4922,384,2,1,2,1,호주, ,2,4,2,3,5,12,1,7,2,6,혼자,1,개별여행,11,5,5,5,5,5,5,5,5,4,5,5,5,5,5,5,1, , , , , , , , , , , , , , , ,16, , ,1, , , , , , ,8, , ,14,3,11,1,17,18,고궁/역사유적지방문,2,3,8,9,4,5,18,1308.404,608.56,699.844
5132,628,2,4,2,1,호주,1,1,4,3,2, ,5,5, , , ,가족/친지,2,개별여행,12,5,4,4,3,5,5,4,4,3,3,4,4,4,4,5,1, , , , , , , , , ,3, ,2, , , , , , ,1, , , , ,6, , , , ,100,5,14,21,1,23,시티투어버스이용,1,7,11, ,4,5,6,912.84,456.42,456.42
5133,629,2,3,3,7,호주, ,1,4,6,8, ,5,6, , , ,직장동료,10,개별여행,12,5,5,5,5,5,5,5,5,5,5,5,4,5,5,5, , , , , , , , , , , , , , ,12, , , , , , , , , , ,7, , , ,113, , ,10,17,1,스포츠활동,1,9, , ,3,4,20,1962.606,380.35,1582.256
5198,712,2,3,2,1,호주, ,1,4,3,2,4,6,1,2,4,3,가족/친지,4,개별여행,9,5,4,4,4,4,4,4,5,3,3,4,4,4,4,5,1,4, , , , , , , , , , , , , , , , , ,1,2, , , , , , , , ,5,10,14,1,17,9,쇼핑,3,5,7,10,4,5,13,3955.64,152.14,3803.5
5305,837,1,1,2,1,호주, ,1,4,2,3,6,4,5, , , ,친구/연인,2,개별여행,11,5,4,4,4,5,3,4,3,3,3,5,3,4,5,5,1, ,8, , , , , , , , , , , , , , , , ,1, ,3, , , , , , , ,14,1,3,7,14,17,유흥.오락,2,3,8,9,4,10,11,1141.05,950.875,190.175
5330,876,1,1,3,2,호주, ,3,4,3,2,4,6,1,1,16,2,친구/연인,2,개별여행,15,5,5,5,5,5,5,4,5,4,5,5,5,5,4,5,1, , , , ,10, , , ,15,3, ,2, ,12, , , , ,1, , , ,5,6,7, , , ,14,4,108,1,17,20,고궁/역사유적지방문,1,3,7,10,3,4,5,2814.59,1521.4,1293.19
5644,77,1,3,3,2,호주, ,1,5,3, , ,3,1,3, , ,혼자,1,개별여행,4,5,5,5,4,5,5,5,4,5,4,5,5,5,5,5,1, ,8, , , , , , , , , , , , , , , , ,1, ,3, , , , , , , ,5,2,6,10,20,9,스포츠활동,1,3,9, ,4,6, ,834.054,601.12,232.934
5726,183,2,4,2,3,호주, ,2,5,2, , ,2,5, , , ,혼자,1,개별여행,7,5,5,5,5,5,5,5,5,5,5,5,4,5,5,4,1, , , , , , , , , , , , , , , , , , ,1, , , , , , , , , ,1,2,10,1,9, ,쇼핑,4,9, , ,3,4,5,500.0,0.0,500.0
5727,184,2,4,3,7,호주, ,4,5,4,2,3,1,6, , , ,혼자,1,개별여행,3,4,4,4,4,4,4,4,4,3,3,4,3,4,4,4,1, , , , , , , , , , , , , , , , , , ,1, , , , , , , , , ,1,5,6,1,16, ,쇼핑,1,1,5,11,4,5, ,385.5,128.5,257.0
5918,424,1,1,3,1,호주, ,1,5,3,2, ,2,5, , , ,가족/친지,2,개별여행,8,4,4,5,5,5,4,3,3,3,3,4,4,4,5,5,1, , , , , , , , , , , , , , , ,16, , ,1, , , , , , ,8, , ,5,1,127,1,18,4,자연경관감상,1,4,5,7,4,10, ,3306.16,901.68,2404.48
5919,425,1,4,2,3,호주, ,10,5,2, , ,1,6, , , ,혼자,1,개별여행,14,4,4,4,4,4,4,4,4,3,4,3,4,4,5,4, , , , , , , , , ,15, , ,2, , , , , , , , , , , ,6, , , , ,79, , ,16,15,1,업무수행,5,3, , ,5, , ,1878.5,901.68,976.82
5920,426,2,1,1,4,호주, ,3,5,2, , ,3,5, , , ,혼자,1,개별여행,15,5,5,5,4,5,5,5,5,4,5,5,5,5,5,5,1, , , , , , , , , , , , , , , , , , ,1, , , , , , , , , ,1,6,10,17,7,22,고궁/역사유적지방문,2,3,5,9,5,9,19,608.2778,347.5873096,260.6904822
5934,442,1,4,3,5,호주, ,2,5,3,2,4,3,5, , , ,혼자,1,개별여행,11,5,5,5,4,5,4,4,5,4,4,4,5,5,5,5,1, , , , , , , , , , , , , , , , , , ,1, , , , , , , , , ,3,10,6,18,17,20,자연경관감상,1,4,6,8,1,2,6,2350.0,1000.0,1350.0
5935,443,1,2,2,4,호주, ,10,5,2,3, ,1,5, , , ,친구/연인,2,개별여행,2,5,5,5,5,5,5,4,4,4,4,5,5,5,5,5,1, , , , , , , , , , , , , , , , , , ,1, , , , , , , , , ,18, , ,7, , ,유흥.오락,1,1,9, ,4,8, ,252.0008,0.0,252.0007995
5936,444,1,2,2,3,호주, ,2,5,2,6, ,5,6, , , ,혼자,1,개별여행,61,3,4,3,3,4,3,2,2,2,4,4,3,4,5,3, , , , , , , , , , , , , , , , ,16, , , , , , , , , ,8, , ,129,124, ,16,13,18,자연경관감상,5,3,9,10,9,10,11,601.12,450.84,150.28
5937,445,1,2,3,12,호주, ,15,5,2,3, ,2,5, , , ,가족/친지,4,개별여행,15,4,4,4,5,5,4,4,4,5,3,4,5,5,5,5,1, , , , , , , , , , , , , ,12, , , , ,1, , , , , ,7, , , ,10,136, ,20,1,18,자연경관감상,4,1,10, ,5,10,18,150.28,0.0,150.28
5938,446,2,2,3,7,호주, ,1,5,3, , ,1,1,4,2,6,가족/친지,3,개별여행,6,4,4,4,4,4,4,4,4,4,4,4,3,3,4,4,1, , , , , , , , , , , , , , , , , , ,1, , , , , , , , , ,1,4,8,9,18,8,식도락,1,1,3,5,18, , ,2028.78,1502.8,525.98
5939,447,2,5,1,10,호주, ,2,5,2, , ,2,6, , , ,직장동료,2,개별여행,9,5,5,5,5,5,5,5,5,3,4,5,5,5,5,5,1, , , , , , , , , , , , , , , , , , ,1, , , , , , , , , ,6,8, ,16,1, ,쇼핑,1,3,4,5,3,4,6,901.68,525.98,375.7
5967,478,1,4,2,4,호주, ,2,5,2, , ,5,5, , , ,가족/친지,2,개별여행,5,4,3,5,5,5,4,4,4,5,3,4,4,4,5,5,1, , , , , , , , , , , , , , , ,16, , ,1, , , , , , ,8, , ,134,130,128,18,17,2,온천/스파,1,3,4, ,8,10, ,1051.96,601.12,450.84
6024,544,1,0,3,5,호주, ,3,5,2, , ,4,7, , , ,혼자,1,개별여행,31,5,5,5,5,5,5,5,5,5,5,5,5,5,5,5,1, ,8,9, , , , , , , , , , , , , , , ,1, ,3,4, , , , , , ,28,48,14,14,7,9,테마파크,5,4,7,9,3,4, ,434.4841,0.0,434.484137
6026,547,2,2,2,2,호주, ,2,5,3,2,7,6,5, , , ,친구/연인,3,개별여행,5,4,4,4,5,5,5,4,4,4,4,4,4,5,4,4,1, ,8, , , , , , , , , , , , , , , , ,1, ,3, , , , , , , ,28,10,4,9,18,1,테마파크,4,1,4,7,4,5,6,225.42,150.28,75.14
6106,648,1,4,2,3,호주, ,3,5,3,5,7,12,1,16,10,4,친구/연인,2,개별여행,6,5,3,5,5,5,5,5,5,4,4,5,3,5,5,5,1,4,8, , , , , , , , , , , , , , , , ,1,2,3, , , , , , , ,6,30,4,17,1,22,고궁/역사유적지방문,1,1,4,5,2,4,11,338.13,187.85,150.28
6169,718,1,4,2,2,호주, ,10,5,1, , ,2,6, , , ,혼자,1,개별여행,3,5,5,4,5,5,9,4,5,4,4,5,5,5,5,5,1, , , , , , , , , , , , , , , , , , ,1, , , , , , , , , ,5, , ,16,15,2,식도락,1,12, , ,21, , ,375.7,375.7,0.0
6253,805,1,1,2,5,호주, ,7,5,2,5, ,12,5, , , ,혼자,1,개별여행,28,4,4,5,5,4,3,4,3,3,3,4,5,3,5,5,1,4, , , , , , , , ,3, ,2, , , , , , ,1,2, , , ,6, , , , ,10,22,96,1,11,4,휴양/휴식,3,3,7,9,4,10,14,1923.584,1127.1,796.484
6254,806,2,4,1,5,호주, ,10,5,2, , ,1,1,1,2,4,혼자,1,개별여행,5,5,5,5,5,5,5,5,4,5,5,5,4,4,5,5,1, , , , , , , , , , , , , , ,13, , , ,1, , , , , ,7, , , ,115,17, ,11,1,18,레포츠활동,1,3, , ,4, , ,413.27,0.0,413.27
6255,807,1,2,2,7,호주, ,1,5,3,7, ,1,6, , , ,혼자,1,개별여행,6,5,5,5,4,5,5,5,5,5,5,5,4,5,5,5,1, ,8, , , , , , , , , , , , , , , , ,1, ,3, , , , , , , ,33,20, ,15,16,1,미팅/회의/학술대회/박람회참가,1,9, , ,5,11, ,1352.52,1277.38,75.14
6277,837,1,2,2,2,호주, ,30,5,1, , ,1,6, , , ,혼자,1,개별여행,3,5,5,5,5,5,5,5,5,5,5,5,5,5,5,5,1, , , , , , , , , , , , , , , , , , ,1, , , , , , , , , ,7, , ,16, , ,업무수행,1,1, , ,10, , ,255.476,0.0,255.476
6278,838,2,1,2,4,호주, ,2,5,2,3,8,6,5, , , ,혼자,1,개별여행,8,5,5,5,5,5,5,5,5,4,4,5,3,5,5,5,1, , , , , , , , , , , , , , , , , , ,1, , , , , , , , , ,1,2,4,1,18,6,유흥.오락,4,6,7,10,3,4,5,751.4,150.28,601.12
6323,887,2,2,3,2,호주, ,1,5,3,2,4,6,1,3,6,9,가족/친지,2,개별여행,15,5,4,5,5,4,4,5,5,5,4,5,5,5,4,4,1, , , , , , , , , , , , , , , , , , ,1, , , , , , , , , ,17,10,8,17,1,21,고궁/역사유적지방문,2,4,5,10,6,10,18,2404.48,1202.24,1202.24
6548,1874,2,3,1,7,호주, ,1,5,2,3, ,1,5, , , ,친구/연인,2,개별여행,4,4,4,4,4,5,5,3,4,4,3,4,3,4,4,3, , , , , , , , , ,15, , ,2, , , , , , , , , , , ,6, , , , ,79,80,83,18,21,1,자연경관감상,4,3,9, ,5,15,18,890.0,0.0,890.0
6549,1875,1,4,1,3,호주, ,1,5,3,2,1,5,5, , , ,가족/친지,2,개별여행,6,4,5,5,5,4,4,4,5,5,4,5,4,4,5,4,1, , , , , , , , , , , ,2, , , , , , ,1, , , , ,6, , , , ,1,3,96,17,18,20,고궁/역사유적지방문,1,1,9, ,8,11,18,1364.2802,0.0,1364.28019
6550,1876,1,2,2,3,호주, ,5,5,3, , ,1,6, , , ,혼자,1,개별여행,3,5,5,5,5,4,4,5,5,4,4,4,3,5,5,4, , , , , , , , , , , , ,2, , , , , , , , , , , ,6, , , , ,104,96,97,16,15,2,업무수행,1,1, , ,7,11,12,2140.0,1000.0,1140.0
6633,91,2,1,3,7,호주, ,2,6,3,2,5,3,4,14,3, ,혼자,1,개별여행,16,4,4,4,4,5,3,3,4,2,3,4,4,4,4,4,1, , , , , , , , , , , , , , , , , , ,1, , , , , , , , , ,6,20, ,6,5,1,의료관광,2,1,3,9,4,5,10,4507.29,3694.5,812.79
6634,92,2,3,2,2,호주, ,1,6,2,3, ,2,6, , , ,혼자,1,개별여행,18,5,5,5,5,4,4,5,4,4,4,5,4,4,3,4,1, , , , , , , , , , , , , , , , , , ,1, , , , , , , , , ,136, , ,16,1,22,쇼핑,1,3, , ,6, , ,2750.0,1200.0,1550.0
6806,288,2,2,4,5,호주,18,1,6,3,4,2,1,1,2,3,12,가족/친지,2,개별여행,6,5,5,5,5,5,5,5,5,5,5,5,3,4,4,4,1, , , , , , , , , , , , , , , , , , ,1, , , , , , , , , ,3,5,1,1,22,18,쇼핑,1,1,3,7,1,4,5,4636.5975,2216.7,2419.8975
6833,318,2,1,1,8,호주, ,1,6,3,1,6,5,1,3,2,4,혼자,1,개별여행,14,4,4,5,4,4,4,4,3,3,3,5,4,4,5,5,1, , ,9, , , , , , , , ,2, , , ,16, , ,1, , ,4, ,6, ,8, , ,16,96,126,17,1,20,고궁/역사유적지방문,1,1,6,7,4,5,14,1366.965,0.0,1366.965
6836,321,2,4,1,12,호주, ,6,6,2, , ,2,6, , , ,혼자,1,개별여행,52,5,5,5,5,5,5,5,5,5,5,5,4,4,4,4,1, , , , , , , , ,15, , , , , , , , , ,1, , , , ,6, , , , ,136,3,20,16,19, ,공연/민속행사/축제참가관람,1,11, , ,16, , ,7389.0,5911.2,1477.8
6861,359,1,2,3,1,호주, ,10,6,2,3,4,6,1,4,9,3,혼자,1,개별여행,8,5,4,5,5,5,4,4,4,4,4,5,5,5,5,5,1, , , , , , , , , , , , , , , , , , ,1, , , , , , , , , ,14,3,1,7,1,17,유흥.오락,4,3,7,10,3,4,10,583.731,0.0,583.731
6862,361,1,5,2,2,호주, ,6,6,9, , ,2,6, , , ,혼자,1,개별여행,7,4,5,5,5,5,4,4,4,4,4,4,5,5,5,4,1, ,8, ,6, , , , , , ,7, , , , , , , ,1, ,3, ,5,6, , , , ,2, , ,16,15,20,업무수행,1,1, , ,5, , ,1865.7533,1839.475136,26.27821623
6979,511,1,1,1,5,호주, ,1,6,3, , ,1,6, , , ,혼자,1,개별여행,7,4,5,4,5,4,5,4,5,3,4,4,4,4,3,4,1, , , , , , , , , , , , , , , , , , ,1, , , , , , , , , ,20, , ,1,16,17,업무수행,1,4,5, ,1,5,18,1880.0,1880.0,0.0
6980,514,1,3,2,5,호주, ,1,6,2,3,5,8,5, , , ,혼자,1,개별여행,5,4,4,4,5,4,4,5,4,4,4,5,4,5,4,4,1, , , , , , , , , , , , , , , , , , ,1, , , , , , , , , ,10,16,19,2,7,9,휴양/휴식,4,7, , ,4, , ,150.0,0.0,150.0
7027,566,1,4,2,2,호주, ,2,6,3,7, ,3,6, , , ,혼자,1,개별여행,2,3,1,4,2,3,3,3,2,2,3,3,4,3,4,3, ,4, , , , , , , , , , , , , , , , , , ,2, , , , , , , , ,24, , ,16,15,14,업무수행,1,1, , ,1,6, ,406.395,0.0,406.395
7071,624,1,1,1,8,호주, ,1,6,3,2, ,3,5, , , ,혼자,1,개별여행,5,5,5,5,4,5,5,5,5,5,5,5,4,5,5,5,1, , ,9, , , , , , , , , , , , , , , ,1, , ,4, , , , , , ,48,2,1,3,9,22,전통문화체험,4,9, , ,4, , ,295.56,0.0,295.56
7084,639,2,2,2,2,호주, ,1,6,3, , ,1,1,13,2, ,친구/연인,3,개별여행,3,4,3,3,4,4,4,3,3,2,3,3,3,3,4,3,1, , , , , , , , , , , , , , , , , , ,1, , , , , , , , , ,10,19, ,19,1, ,공연/민속행사/축제참가관람,1,2, , ,5,13, ,960.57,517.23,443.34
7085,640,2,1,2,8,호주, ,1,6,3,2,4,6,1,13,2,3,친구/연인,3,개별여행,21,5,4,5,5,4,5,5,4,4,5,4,4,5,4,4,1, , , , , , , , , , , , , , , , , , ,1, , , , , , , , , ,14,1,5,1,7,20,유흥.오락,2,4,5,7,4,5,15,3325.05,0.0,3325.05
7091,648,1,4,3,10,호주, ,4,6,3,2,1,4,1,17, , ,가족/친지,2,에어텔여행,17,5,5,5,5,5,5,5,5,4,5,5,5,5,3,5,1, , , , , , , , , , , , , , , ,16, , ,1, , , , , , ,8, , ,128,3,1,17,20,18,식도락,1,4,9, ,4,15, ,2216.7,1477.8,738.9
7125,690,1,3,2,2,호주, ,1,6,2, , ,4,6, , , ,혼자,1,개별여행,6,4,4,3,4,4,4,4,4,2,4,4,4,4,4,4,1, , , , , , , , , , , , , , , , , , ,1, , , , , , , , , ,18, , ,15,19, ,공연/민속행사/축제참가관람,1,9, , ,5, , ,908.847,738.9,169.947
7137,705,2,2,2,2,호주, ,1,6,3, , ,1,1,1,11,4,혼자,1,개별여행,8,5,4,4,5,5,4,5,3,4,4,5,4,5,2,5,1, , , , , , , , , , , , , , , , , , ,1, , , , , , , , , ,1,4,16,17,20,9,고궁/역사유적지방문,1,3,7, ,5, , ,1921.14,1182.24,738.9
7223,804,2,2,3,2,호주, ,2,6,3,2,4,3,6, , , ,혼자,1,개별여행,26,4,5,4,5,3,3,3,3,4,3,5,4,5,3,3, , , , , , , , , ,15, , ,2, , , , , , , , , , , ,6, , , , ,136,99,79,18,1,7,자연경관감상,1,3,9,10,10,11,12,2978.1978,350.3762165,2627.821623
7269,860,1,5,2,5,호주, ,3,6,3,5,7,6,1,3,8,1,혼자,1,개별여행,28,5,5,5,5,5,5,5,5,3,4,5,4,5,4,4,1, , , , , , , , , , , ,2, , , , , , ,1, , , , ,6, , , , ,96,99,104,20,8,3,박물관/전시관방문,1,3,7, ,1,11,17,2189.8514,0.0,2189.851353
7270,861,2,3,3,5,호주, ,1,6,2, , ,6,5, , , ,가족/친지,4,개별여행,28,5,4,4,5,5,5,4,4,4,4,5,4,4,4,4,1, , , , , , , , , , , , , , , , , , ,1, , , , , , , , , ,1,2,4,9,20,1,박물관/전시관방문,1,1, , ,1, , ,1620.0,1620.0,0.0
7520,1859,1,1,2,3,호주, ,1,6,3,2,4,4,1,1,7,8,친구/연인,2,개별여행,7,5,5,5,5,5,5,5,4,4,4,5,4,5,5,5,1, , , , , , , , , , , ,2, , , ,16, , ,1, , , , ,6, ,8, , ,129,130,134,17,18,2,자연경관감상,2,1,9, ,5,18,19,1220.0,500.0,720.0
7549,7,2,1,3,4,호주, ,1,7,2,3,4,3,1,4,7,2,친구/연인,2,개별여행,8,5,4,5,5,5,5,4,4,5,4,5,4,5,5,5,1, ,8, , , , , , , , , , , , , , , , ,1, ,3, , , , , , , ,14,5,20,1,20,17,박물관/전시관방문,2,3,7,9,3,4,5,2359.760946,0.0,2359.760946
7629,98,2,2,2,2,호주, ,1,7,2, , ,7,5, , , ,친구/연인,2,개별여행,4,4,4,3,4,5,5,4,4,4,4,5,3,4,4,4,1, , , , , , , , , , , , , , , , , , ,1, , , , , , , , , ,10,1,5,1,9, ,테마파크,4,1,7, ,1,5,13,459.6,229.8,229.8
7643,115,1,5,2,2,호주, ,6,7,2, , ,1,6, , , ,직장동료,2,개별여행,5,4,4,5,4,5,9,4,4,5,5,5,3,5,5,5,1, , , , , , , , , , , , , , , , , , ,1, , , , , , , , , ,136, , ,13,16, ,시찰(산업시설등),1,12, , ,21, , ,1455.4,0.0,1455.4
7644,116,2,1,2,8,호주, ,1,7,2, , ,10,7, , , ,혼자,1,개별여행,31,5,5,5,5,5,5,5,5,4,5,5,3,5,4,5,1, , , , , , , , , ,3, , ,5, , , , , ,1, , , , ,6,7, , , ,105,136, ,14,7,17,레포츠활동,4,3,10, ,5, , ,2298.0,1149.0,1149.0
7728,212,2,1,1,8,호주, ,2,7,2,3,5,5,1,2,4,7,친구/연인,3,개별여행,19,5,5,5,5,5,5,5,5,5,5,5,4,4,4,5,1, , , , , , , , , , , ,2, , , , , , ,1, , , , ,6, , , , ,13,1,12,1,20,7,유흥.오락,2,3,7,9,4,6,10,1041.76,497.9,543.86
7737,225,2,0,2,4,호주, ,2,7,2,5,3,12,1,7,1,4,친구/연인,2,개별여행,23,5,5,5,5,5,5,5,5,3,3,5,5,5,5,5,1, , , , ,10, , , , , , ,2, , , , , , ,1, , , ,5,6, , , , ,1,136,96,1,2,3,쇼핑,1,7,11, ,4,5,6,1489.104,723.104,766.0
7738,226,1,0,2,8,호주, ,1,7,2, , ,3,7, , , ,직장동료,16,개별여행,8,5,5,5,5,5,5,5,5,5,5,5,5,5,5,5, , , , , , , , , , , ,7, , , , , , , , , , , , ,6, , , , ,94, , ,10,18, ,자연경관감상,1,1,9, ,4,10, ,256.495755,0.0,256.495755
7791,285,2,2,2,5,호주, ,1,7,1,3,5,1,1,2,16,13,가족/친지,2,개별여행,11,4,4,5,4,4,4,3,3,1,4,5,4,4,4,4,1, , , , , , , , , , , , , , , ,16, , ,1, , , , , , ,8, , ,20,5,16,17,18,7,자연경관감상,1,3,5,7,3,4,11,2298.0,766.0,1532.0
7800,296,2,1,2,8,호주, ,5,7,2,3,5,2,5, , , ,혼자,1,개별여행,15,4,3,4,4,5,5,5,5,4,4,5,4,4,5,5,1, , , , , , , , , , , , , , , , , , ,1, , , , , , , , , ,14,20,5,7,1,2,유흥.오락,1,1,7,9,4,5,14,984.232,361.85,622.382
7810,308,1,4,3,7,호주, ,1,7,1, , ,3,6, , , ,직장동료,16,개별여행,8,5,5,4,5,5,5,5,4,3,4,5,3,5,5,5, , , , , , , , , , , ,7, , , , , , , , , , , , ,6, , , , ,136, , ,10, , ,스포츠활동,1,1,9, ,10,12, ,427.492925,0.0,427.492925
7837,340,2,1,2,7,호주,5,2,7,3,2,4,6,1,2,4,6,친구/연인,2,개별여행,5,4,4,4,4,4,4,4,4,4,4,4,4,4,3,3,1, , , , , , , , , , , , , , , , , , ,1, , , , , , , , , ,5,20,9,1,3,5,쇼핑,1,1,3,7,4,5,6,1685.2,153.2,1532.0
7968,500,2,1,2,8,호주, ,1,7,4,3, ,4,7, , , ,친구/연인,2,개별여행,43,5,5,4,4,5,4,4,4,3,4,5,4,5,5,5,1, , , , , , , , , , , ,2,5, , ,16, , ,1, , , , ,6,7,8, , ,16,105,97,22,20,14,전통문화체험,1,3,7,8,3,4,5,1302.2,229.8,1072.4
8061,607,1,2,2,6,호주, ,5,7,9, , ,4,5, , , ,혼자,1,개별여행,7,5,5,5,3,4,5,3,4,1,2,4,4,5,5,5,1, , , , , , , , , , , , , , , , , , ,1, , , , , , , , , ,10,11, ,1,19,7,쇼핑,4,9, , ,4, , ,995.8,919.2,76.6
8093,649,1,0,2,8,호주, ,1,7,2,3,6,3,7, , , ,친구/연인,2,개별여행,11,5,5,5,5,4,4,5,5,4,5,5,4,5,5,5,1, , , , , , , , , , , , , , , , , , ,1, , , , , , , , , ,1,2, ,17,7,9,테마파크,5,5, , ,3,4, ,459.6,0.0,459.6
8094,651,2,0,2,8,호주, ,1,7,3, , ,4,1,2,4,6,친구/연인,5,개별여행,11,5,3,3,5,5,5,5,3,3,4,5,5,5,5,5,1, , , , , , , , , , , ,2, , , , , , ,1, , , , ,6, , , , ,14,97,98,1,7,18,자연경관감상,2,4,5,7,4,5,11,919.2,0.0,919.2
8154,714,1,3,3,2,호주, ,2,7,1,2,3,1,6, , , ,혼자,1,개별여행,7,4,4,4,4,4,9,4,4,4,4,4,5,5,4,4,1, , , , , , , , , , , , , , , , , , ,1, , , , , , , , , ,136, , ,16, , ,업무수행,1,12, , ,21, , ,2183.1,0.0,2183.1
8201,767,1,1,2,8,호주, ,1,7,3,5, ,6,1,1,4,2,친구/연인,2,개별여행,12,4,5,4,5,4,4,5,5,3,4,4,5,4,4,4,1, , , ,6, , , , , , , ,2, , , ,16, , ,1, , , ,5,6, ,8, , ,129,124,9,1,11,20,쇼핑,2,3,5,7,4,5, ,2298.0,1532.0,766.0
8305,894,2,1,2,2,호주, ,1,7,3,4,7,3,6, , , ,직장동료,6,개별여행,5,4,5,4,4,2,4,5,4,2,3,4,5,4,2,3,1, , , , , , , , , , , , , , , , , , ,1, , , , , , , , , ,5,6,9,16,1,22,전통문화체험,1,4,7, ,5, , ,666.42,337.04,329.38
8306,896,1,1,1,5,호주, ,1,7,4, , ,1,1,4,3,16,혼자,1,개별여행,8,4,3,5,4,5,3,5,5,5,3,5,4,4,4,4,1, , , , , , , , , , , , , , , , , , ,1, , , , , , , , , ,16,14,3,7,2,17,유흥.오락,2,1,8, ,3,11, ,766.0,229.8,536.2
8496,1852,1,2,2,3,호주, ,3,7,3, , ,1,6, , , ,혼자,1,개별여행,3,4,4,4,5,5,5,3,4,4,4,4,4,5,4,5, , , , , , , , , ,15, , ,2, , , , , , , , , , , ,6, , , , ,85,104,96,16,18,2,업무수행,1,1, , ,8,11, ,804.3,383.0,421.3
8497,1854,2,1,2,3,호주, ,1,7,3,2,7,2,1,1,10,7,가족/친지,2,개별여행,5,4,4,4,4,4,5,5,4,3,3,3,4,4,4,4,1, , , , , , , , , , , ,2, , , , , , ,1, , , , ,6, , , , ,102,1,5,18,2,17,고궁/역사유적지방문,1,1,9, ,3,5,15,1018.78,229.8,788.98
8557,46,2,1,2,4,호주, ,1,8,2,3, ,8,5, , , ,혼자,1,개별여행,6,5,5,5,5,4,5,5,5,4,5,5,3,5,3,3,1, ,8, , , , , , , , , , , , , , , , ,1, ,3, , , , , , , ,3,1,30,19,17,20,공연/민속행사/축제참가관람,4,8, , ,6,14,18,828.152,398.15,430.002
8580,69,2,2,3,5,호주, ,2,8,2, , ,3,5, , , ,가족/친지,2,개별여행,7,4,3,3,4,4,4,4,3,3,3,4,4,4,4,4,1, , , , , , , , , , , , , , , , , , ,1, , , , , , , , , ,1,4,10,1,18,2,쇼핑,4,3,4,7,1,2,5,398.15,0.0,398.15
8581,70,1,3,3,2,호주, ,1,8,6, , ,7,6, , , ,혼자,1,개별여행,3,4,4,4,4,4,4,4,4,4,4,4,4,4,4,4,1, , , , , , , , , , , , , , , , , , ,1, , , , , , , , , ,4,7,20,16,7, ,유흥.오락,1,1, , ,2, , ,315.0571041,0.0,315.0571041
8696,200,2,5,2,7,호주, ,12,8,2, , ,3,6, , , ,혼자,1,개별여행,8,5,5,5,5,5,5,5,5,5,5,5,5,5,5,5,1, , , , , , , , , , , , , , , , , , ,1, , , , , , , , , ,3,7, ,20,14, ,박물관/전시관방문,1,3,8,10,4,5,18,477.78,0.0,477.78
8720,230,1,3,2,2,호주, ,1,8,1, , ,1,6, , , ,혼자,1,개별여행,5,5,4,3,5,4,9,3,3,4,4,4,3,4,5,4,1,4, , , , , , , , , , , , , , , , , ,1,2, , , , , , , , ,5,136, ,16,7, ,유흥.오락,1,12, , ,21, , ,1234.265,0.0,1234.265
8721,231,1,4,2,1,호주, ,5,8,2, , ,1,5, , , ,가족/친지,2,개별여행,11,5,5,5,5,5,5,5,5,5,5,5,5,5,5,5,1, , , , , , , , , , , , , , , , , , ,1, , , , , , , , , ,20,1,2,23,1,9,공연/민속행사/축제참가관람,4,3,9,10,3,4,13,1338.992692,1338.992692,0.0
8825,360,2,3,2,2,호주, ,1,8,3, , ,3,6, , , ,혼자,1,개별여행,5,4,5,5,3,4,4,4,4,4,2,5,4,4,4,4,1, , , , , , , , , , , , , , , , , , ,1, , , , , , , , , ,5,10,6,14,1, ,연수/교육/연구,1,4,5,7,3,4,5,1035.19,557.41,477.78
8857,394,2,1,2,8,호주, ,1,8,3, , ,2,1,2, , ,친구/연인,7,개별여행,4,1,1,2,2,3,3,2,1,1,3,2,4,1,1,1,1, ,8, , , , , , , , , , , , , , , , ,1, ,3, , , , , , , ,5,28,8,1,9,2,쇼핑,7,7, , ,4, , ,398.15,0.0,398.15
8990,555,1,3,2,5,호주, ,7,8,2, , ,1,6, , , ,혼자,1,개별여행,3,5,5,5,5,5,9,5,5,5,5,5,5,5,5,5,1, , , , , , , , , , , , , , , , , , ,1, , , , , , , , , ,1, , ,16, , ,업무수행,1,12, , ,21, , ,517.595,517.595,0.0
9001,569,1,3,3,5,호주, ,1,8,9, , ,6,1,16, , ,직장동료,11,개별여행,8,5,5,4,5,4,4,5,5,3,5,5,4,5,5,5, , , , , , , , , , ,3, , , , , , , , , , , , , ,6, , , , ,88, , ,1,10, ,스포츠활동,5,9, , ,4,10,16,159.26,0.0,159.26
9012,581,1,2,2,7,호주, ,2,8,7, , ,2,6, , , ,직장동료,2,개별여행,7,5,5,5,5,5,5,5,5,4,5,4,5,5,5,5, , , , , , , , , , , ,7, , , , , , , , , , , , ,6, , , , ,93, , ,16,7,1,유흥.오락,1,1,3,9,10,11,12,1592.6,1592.6,0.0
9042,617,2,2,3,9,호주, ,2,8,2, , ,4,5, , , ,가족/친지,4,개별여행,7,3,2,5,3,5,5,4,5,3,3,3,5,3,5,5,1, , , , , , , , , , , ,2, , , , , , ,1, , , , ,6, , , , ,20,99, ,18,2,9,테마파크,1,3,5, ,4,5,15,1990.75,0.0,1990.75
9043,618,1,1,2,12,호주, ,1,8,6, , ,3,8, , , ,직장동료,10,개별여행,7,4,5,5,4,5,9,5,5,5,5,5,3,4,4,4, , , , , , , , , , ,3, , , , , , , , , , , , , ,6, , , , ,88,89, ,12,17,18,자연경관감상,5,12, , ,21, , ,430.002,398.15,31.852
9081,674,2,2,2,2,호주, ,20,8,9, , ,1,6, , , ,혼자,1,개별여행,4,5,4,4,4,4,4,4,4,3,3,3,4,4,5,4,1, , , , , , , , , , , , , , , , , , ,1, , , , , , , , , ,20, , ,4,3,2,식도락,1,3, , ,11, , ,560.1015184,297.5539317,262.5475868
9082,675,2,0,2,8,호주, ,2,8,2,1,7,1,2,14,2,4,가족/친지,4,개별여행,8,5,5,5,3,5,5,5,5,3,5,5,5,5,5,5,1,4, , , , , , , , , , , , , , , , , ,1,2, , , , , , , , ,5,2, ,6,20,9,의료관광,1,7, , ,3,4,5,3424.09,3424.09,0.0
9132,733,1,3,3,2,호주, ,3,8,9, , ,1,6, , , ,혼자,1,개별여행,7,3,4,4,3,5,3,3,1,3,3,3,4,2,5,3,1, , , ,6, , , , , , , , , , , , , , ,1, , , ,5, , , , , ,7, , ,16,1, ,쇼핑,1,9, , ,18, , ,995.375,557.41,437.965
9179,797,2,1,3,8,호주, ,1,8,3,2,6,6,1,1,3,13,혼자,1,개별여행,18,5,5,5,5,5,4,5,4,4,3,5,4,5,5,5,1,4, ,9, , , , , , , , ,2, , , ,16, , ,1,2, ,4, ,6, ,8, , ,125,1,5,3,18,17,자연경관감상,2,4,5,7,10,18,19,1712.045,0.0,1712.045
9296,924,2,2,2,6,호주, ,5,8,2, , ,10,5, , , ,가족/친지,4,개별여행,31,5,5,5,5,4,4,4,4,3,4,5,4,4,4,4,1, , , , , , , , , , , , , , , , , , ,1, , , , , , , , , ,1,10,20,1,9,18,자연경관감상,4,2,3,9,3,4,11,2150.01,1592.6,557.41
9302,934,1,3,3,2,호주, ,20,8,2, , ,1,6, , , ,혼자,1,개별여행,2,5,5,5,5,5,9,4,5,3,5,5,5,5,5,5,1, , , , , , , , , , , , , , , , , , ,1, , , , , , , , , ,5, , ,2,7,16,식도락,1,12, , ,21, , ,199.075,199.075,0.0
9307,940,1,2,2,5,호주, ,2,8,3, , ,3,1,3,2, ,혼자,1,개별여행,8,5,5,5,5,5,5,5,5,5,5,5,4,4,4,5,1, , , , , , , , , , , , , , , , , , ,1, , , , , , , , , ,14,8,6,1,17,20,쇼핑,1,4,5, ,4,5,10,1712.045,796.3,915.745
9489,1874,2,1,1,8,호주, ,1,8,3,2,4,2,1,2,1,4,친구/연인,3,개별여행,5,4,4,4,4,5,5,5,3,3,4,4,4,4,4,4,1, , , , , , , , , , , ,2, , , , , , ,1, , , , ,6, , , , ,10,11,12,17,18,2,고궁/역사유적지방문,2,1,9, ,5,10,19,940.0,400.0,540.0
9575,81,1,1,3,2,호주, ,1,9,3,6,7,3,1,6,10, ,친구/연인,2,개별여행,9,5,5,5,5,5,5,4,4,2,2,5,4,5,5,5,1, , , , , , , , , , , ,2, , , , , , ,1, , , , ,6, , , , ,96,97,10,21,1,9,시티투어버스이용,1,1,3, ,4,11,18,2352.625,1555.125,797.5
9576,82,1,3,3,5,호주, ,1,9,2,3, ,4,6, , , ,혼자,1,개별여행,5,5,5,5,4,4,4,5,5,5,5,5,4,4,4,4,1, , , , , , , , , , , , , , , , , , ,1, , , , , , , , , ,1,2, ,1,15,17,고궁/역사유적지방문,1,1, , ,18, , ,358.875,119.625,239.25
9578,86,2,2, ,5,호주, ,4,9,2, , ,1,5, , , ,가족/친지,4,개별여행,11,4,4,4,4,5,5,4,4,4,4,4,4,4,4,4,1, , , , , , , , , , , , , , , , , , ,1, , , , , , , , , ,1,10,13,3,1,20,쇼핑,4,1,3, ,3,4, ,263.1348127,0.0,263.1348127
9657,174,1,4,2,3,호주, ,3,9,3, , ,6,6, , , ,혼자,1,개별여행,13,5,5,5,4,4,4,4,3,3,4,4,5,5,4,4, , , , , , , , , , , , ,2, , , , , , , , , , , ,6, , , , ,96,99,98,16,15,17,고궁/역사유적지방문,1,9, , ,5, , ,2512.125,2392.5,119.625
9658,175,1,3,3,2,호주, ,10,9,2,3,6,9,6, , , ,혼자,1,개별여행,15,4,5,5,5,4,4,4,3,2,3,4,3,4,5,5,1, , , , ,10, , , , , , , , , , , , , ,1, , , ,5, , , , , ,14,9,1,11,4,17,레포츠활동,7,6, , ,5,6,18,446.6,319.0,127.6
9659,176,2,3,2,3,호주,9,1,9,2,1,4,6,1,3,1,4,친구/연인,5,개별여행,7,4,5,5,5,5,5,5,5,4,3,5,3,4,4,5,1, ,8, , , , , , , , , , , , , ,16, , ,1, ,3, , , , ,8, , ,125,1,5,21,17,1,고궁/역사유적지방문,1,1,5,7,4,5,10,2073.5,877.25,1196.25
9685,207,2,1,2,4,호주, ,1,9,3,5,6,6,2,15,2,1,친구/연인,2,개별여행,11,4,5,5,4,4,3,3,5,3,3,4,4,4,5,5,1, , , , , , , , , , , , , , , , , , ,1, , , , , , , , , ,19,18,5,1,3,5,쇼핑,1,3,7,9,5, , ,3086.325,797.5,2288.825
9692,215,1,2,3,5,호주, ,4,9,2,3, ,2,6, , , ,혼자,1,개별여행,8,4,5,4,4,5,5,5,4,5,4,5,5,5,4,4,1, , , , , , , , , , , , , , , , , , ,1, , , , , , , , , ,2,7,20,14,2,15,연수/교육/연구,1,1,3,9,5,11,15,1395.625,1196.25,199.375
9782,313,1,2,2,1,호주, ,2,9,3, , ,1,6, , , ,직장동료,2,개별여행,2,5,5,5,5,5,5,5,5,4,5,5,4,5,5,5, ,4, , , , , , , , , , , , , , , , , , ,2, , , , , , , , ,24, , ,16,1, ,휴양/휴식,1,1, , ,5, , ,319.0,0.0,319.0
9819,353,1,2,3,5,호주, ,20,9,9, , ,1,6, , , ,혼자,1,개별여행,5,4,5,5,5,5,9,4,4,5,5,5,3,3,5,5,1, , , , , , , , , , , , , , , , , , ,1, , , , , , , , , ,3,15, ,16, , ,업무수행,1,12, , ,21, , ,61.39812297,17.54232085,43.85580212
9820,354,2,0,2,8,호주, ,1,9,5,6,3,12,1,13,16,2,가족/친지,2,개별여행,16,4,4,5,5,5,5,5,5,3,4,4,5,5,5,4,1, , , , , , , , , , , ,2, , , ,16, , ,1, , , , ,6, ,8, , ,1,17,13,17,1,11,쇼핑,1,4,7,8,3,4,5,4226.75,2631.75,1595.0
9831,365,2,2,2,8,호주, ,2,9,3,4,2,10,5, , , ,가족/친지,4,개별여행,25,4,4,4,4,4,4,4,4,4,4,4,4,4,4,4,1, , , , , , , , , , , , , , , , , , ,1, , , , , , , , , ,12,14,1,1,11,18,쇼핑,4,1,7, ,4,8,14,3987.5,0.0,3987.5
9866,411,2,2,2,5,호주, ,1,9,3,2,4,6,1,3,4,2,친구/연인,7,개별여행,8,5,5,4,4,5,5,5,5,3,3,5,4,5,5,5,1, ,8,9, , , , , , , , , , , , , , , ,1, ,3,4, , , , , , ,28,48,4,1,9,17,테마파크,2,7,8,9,4,5,10,757.625,358.875,398.75
9867,413,1,0,1,4,호주, ,1,9,2,3,7,1,1,1,4,2,직장동료,2,개별여행,8,4,5,5,3,5,4,5,4,3,4,5,4,5,5,5,1, ,8, , , , , , , , , , , , , , , , ,1, ,3, , , , , , , ,3,31,20,1,7,17,유흥.오락,2,6,8,9,4,11,12,546.2875,147.5375,398.75
9872,422,1,3,3,5,호주, ,4,9,3,2,1,6,6, , , ,직장동료,6,개별여행,7,5,5,5,5,3,9,5,4,4,3,5,4,4,5,5,1, , , , , , , , , , , , , , , , , , ,1, , , , , , , , , ,2,1,7,15,17,19,미팅/회의/학술대회/박람회참가,1,12, , ,21, , ,1475.375,1475.375,0.0
9873,423,2,3,3,5,호주, ,20,9,9, , ,3,6, , , ,혼자,1,개별여행,10,5,5,5,4,5,5,5,4,5,3,5,5,5,5,5,1, , , , , , , , , , , , , , , , ,97, ,1, , , , , , , ,9, ,136,20, ,15,20,18,레포츠활동,1,11, , ,14, , ,1595.0,797.5,797.5
9954,515,1,1,2,5,호주, ,1,9,2,3, ,3,5, , , ,친구/연인,5,개별여행,4,5,5,5,5,5,5,5,5,5,5,5,4,5,5,5,1, , , , , , , , ,15, , ,2, , , , , , ,1, , , , ,6, , , , ,1,96,136,7,17,20,유흥.오락,1,1,8, ,10,11, ,350.846417,175.4232085,175.4232085
9955,516,2,2,2,1,호주, ,5,9,2,3,4,10,5, , , ,가족/친지,3,개별여행,27,5,4,4,4,4,5,5,4,3,4,4,4,4,5,5, ,4, , , , , , , , ,3, ,2, , , , , , , ,2, , , ,6, , , , ,99,91,89,18,17,1,자연경관감상,1,9,10, ,3,4,10,1976.064,1190.4,785.664
10037,602,1,3,2,5,호주, ,3,9,3, , ,12,5, , , ,혼자,1,개별여행,14,5,5,5,5,5,5,5,5,5,5,5,5,5,4,5,1, ,8, , , , , , , , , , , , , , , , ,1, ,3, , , , , , , ,1,10,17,7,4,20,테마파크,4,2,3,10,3,5,14,494.45,0.0,494.45
10038,603,2,3,4,5,호주, ,2,9,6,3, ,5,1,1,16,2,혼자,1,개별여행,9,4,5,5,4,4,4,4,5,3,3,4,4,3,3,4,1,4, , , , , , , , , , , , , , , , , ,1,2, , , , , , , , ,1,17,5,1,17,22,고궁/역사유적지방문,1,2,3,7,4,5,8,1196.25,0.0,1196.25
10050,615,1,1,2,1,호주, ,1,9,3,2,4,2,1,3,9,1,가족/친지,6,개별여행,16,4,5,5,5,5,3,5,5,4,4,5,4,5,2,5,1, , , , , , , , ,15, , , , ,12, ,16, , ,1, , , , ,6,7,8, , ,136,108,1,17,18,19,전통문화체험,1,9,10, ,4,11, ,3190.0,2392.5,797.5
10090,658,1,0,2,5,호주, ,1,9,3,2,1,7,6, , , ,혼자,1,개별여행,7,5,5,5,5,5,5,5,4,3,5,5,4,4,5,5,1,4, , , , , , , , , , , , , , , , , ,1,2, , , , , , , , ,10,6,8,1,19,20,쇼핑,1,5,7,10,4,5,12,648.7,518.96,129.74
10091,659,2,4,2,5,호주, ,1,9,3, , ,1,6, , , ,혼자,1,개별여행,3,5,5,5,5,5,5,4,4,5,5,5,4,5,5,5, ,4, , , , , , , , , , , , , , , , , , ,2, , , , , , , , ,22, , ,15,16,18,자연경관감상,1,1, , ,2,10, ,630.0,0.0,630.0
10101,670,1,3,3,3,호주, ,1,9,2, , ,12,1,2,10,9,가족/친지,4,개별여행,9,5,5,5,5,5,5,5,5,3,5,5,5,5,4,4,1, ,8,9, , , , , , , , , , , , , , , ,1, ,3,4, , , , , , ,40,10,1,17,2,1,레포츠활동,1,3,4,10,4,5,9,1993.75,957.0,1036.75
10102,671,2,2,3,5,호주, ,1,9,3, , ,4,1,6,3, ,혼자,1,개별여행,6,4,5,5,4,3,4,4,5,4,4,5,3,4,3,4,1, , , , , , , , , , , , , , , , , , ,1, , , , , , , , , ,20,2,1,19,18,17,공연/민속행사/축제참가관람,1,9,10, ,10, , ,535.0407859,438.5580212,96.48276467
10171,743,2,2,2,3,호주, ,1,9,1,3, ,2,1,8,1, ,가족/친지,3,단체여행,4,4,5,4,5,3,4,5,5,3,4,5,4,4,4,4,1, , ,9, , , , , , , , , , , , , , , ,1, , ,4, , , , , , ,5,48,1,1,2,20,쇼핑,1,7, , ,5, , ,1800.0,1500.0,300.0
10218,792,1,2,3,7,호주, ,4,9,3,2, ,5,5, , , ,가족/친지,3,개별여행,3,4,4,5,4,5,4,4,3,3,3,3,4,4,4,3,1, , , , , , , , , , , , , , , , , , ,1, , , , , , , , , ,8, , ,1,23,7,기타,4,5,10, ,4, , ,578.896588,0.0,578.896588
10242,819,2,1,3,5,호주, ,1,9,3,4, ,1,6, , , ,혼자,1,개별여행,8,5,5,5,5,4,5,5,5,5,5,5,5,5,5,5,1, , , , , , , , , , , , , , , , , , ,1, , , , , , , , , ,5,8,7,16,1,4,쇼핑,1,5,7, ,2,3, ,631.5235506,0.0,631.5235506
10251,829,1,3,3,1,호주, ,1,9,3,2,4,4,1,4,3,8,친구/연인,2,개별여행,6,4,4,4,4,5,4,4,4,4,4,4,4,4,4,4,1, , , , , , , , , , , ,2, , , , , , ,1, , , , ,6, , , , ,99,1,4,1,4,21,휴양/휴식,1,2,7,10,4,10,16,638.0,0.0,638.0
10252,830,1,2,2,5,호주, ,4,9,2,3,7,2,5, , , ,가족/친지,2,개별여행,15,4,4,4,4,5,5,4,4,3,4,4,4,4,4,5, , , , , , , , , , , , ,2, , , , , , , , , , , ,6, , , , ,96,102,99,1,2,18,식도락,4,1,3, ,3,4,5,398.75,0.0,398.75
10287,876,1,3,3,6,호주, ,1,9,3,7,6,1,6, , , ,혼자,1,개별여행,48,5,5,5,5,5,5,5,5,4,5,5,3,4,4,4, , , , , , , , ,14, , , , , , , , , , , , , , , ,6, , , , ,74, , ,16,18,17,자연경관감상,1,1,9, ,3,10, ,4466.0,0.0,4466.0
10510,1867,2,1,2,3,호주, ,1,9,2,3, ,2,5, , , ,가족/친지,2,개별여행,4,5,5,4,3,4,5,5,5,4,5,5,4,5,5,5, ,4, , , , , , , , , , ,2, , , , , , , ,2, , , ,6, , , , ,96,99,102,3,2,18,온천/스파,4,1,9, ,5,6,10,820.0,0.0,820.0
10571,56,1,5,3,10,호주, ,1,10,3,1,5,6,1,3,1,4,가족/친지,2,단체여행,14,5,5,4,5,5,4,4,4,4,4,5,4,5,2,5,1,4, ,9, , , , ,14, ,3, ,2,5, , ,16, , ,1,2, ,4, ,6,7,8, , ,126,1,24,18,22,17,자연경관감상,1,9, , ,18, , ,4186.145,3840.5,345.645
10589,77,2,0,1,4,호주, ,1,10,3,2,4,9,1,3,2,9,혼자,1,개별여행,7,5,5,5,5,5,5,5,5,4,5,5,3,4,4,4,1, , , , , , , , , , , , , , , , , , ,1, , , , , , , , , ,1,4,20,17,1,18,고궁/역사유적지방문,1,3,7, ,4,5,15,1113.255943,687.521485,425.734458
10924,424,1,3,2,5,호주, ,2,10,2, , ,6,5, , , ,혼자,1,개별여행,15,5,5,5,3,5,5,5,5,5,5,5,4,4,5,5,1, ,8, , , , , , , , , , , , , , , , ,1, ,3, , , , , , , ,14,20,9,1,18,3,쇼핑,4,1,9, ,3,4,8,2496.325,0.0,2496.325
10938,447,1,2,3,5,호주, ,6,10,3,1,2,2,5, , , ,혼자,1,개별여행,41,4,4,4,5,5,5,5,4,4,4,5,4,5,4,4,1, ,8,9, , , , , , , , , , , , , , , ,1, ,3,4, , , , , , ,1,48,28,1,17,7,유흥.오락,1,1,4, ,1,3,5,2688.35,1152.15,1536.2
10971,485,1,3,2,5,호주, ,1,10,3,2,7,6,6, , , ,혼자,1,개별여행,9,4,4,4,5,5,9,5,4,4,4,5,4,5,5,5, , , ,9, , , , , , , , , , , , , , , , , , ,4, , , , , , ,46, , ,10, , ,스포츠활동,2,12, , ,21, , ,400.0,0.0,400.0
10972,486,1,4,2,1,호주, ,1,10,2, , ,2,5, , , ,가족/친지,2,개별여행,5,5,5,5,5,5,5,5,5,5,5,5,4,5,4,5,1, , , , , , , , , , , , , , , , , , ,1, , , , , , , , , ,1,2,8,17,20,18,고궁/역사유적지방문,4,5,9, ,9,15,17,282.0600964,0.0,282.0600964
10995,514,1,4,2,5,호주, ,6,10,1, , ,1,6, , , ,직장동료,5,개별여행,8,4,5,3,3,3,9,3,4,3,3,3,3,3,5,3, , , , , , , , , , , , , , , , ,16, , , , , , , , , ,8, , ,124, , ,16, , ,업무수행,1,12, , ,21, , ,998.53,998.53,0.0
11037,575,1,1,2,5,호주,2,1,10,3, , ,2,1,1,9,16,친구/연인,2,개별여행,8,4,5,5,5,5,4,4,4,4,5,5,4,5,4,5,1, , , , , , , , , , , ,2, , , , , , ,1, , , , ,6, , , , ,14,99,96,18,17,7,자연경관감상,2,4,5,9,4,9,10,1228.96,921.72,307.24
11043,582,2,1,2,5,호주, ,1,10,1,2,3,2,1,7,1,2,혼자,1,개별여행,5,5,4,4,4,5,4,4,4,4,5,5,4,5,5,5,1, , , , , , , , , , , , , , , , , , ,1, , , , , , , , , ,1,2,10,17,20,7,고궁/역사유적지방문,2,1,9, ,4,6, ,230.43,0.0,230.43
11045,584,2,1,2,3,호주, ,1,10,1,3, ,3,1,4,1, ,가족/친지,2,개별여행,10,5,4,4,4,4,4,4,4,4,4,4,4,5,4,4,1, , , , , , , , , , , , , , , , , , ,1, , , , , , , , , ,7,9,14,4, , ,휴양/휴식,2,1,7,9,1,3,5,576.075,576.075,0.0
11059,602,1,2,3,5,호주, ,15,10,2, , ,1,6, , , ,혼자,1,개별여행,3,4,4,4,4,4,9,4,4,5,4,4,4,4,5,4, , , , , , , , , ,15, , , , , , , , , , , , , , ,6, , , , ,79, , ,16,2,15,업무수행,1,12, , ,21, , ,384.05,384.05,0.0
11060,603,2,1,1,2,호주, ,2,10,3, , ,1,6, , , ,직장동료,11,개별여행,16,5,4,4,4,4,4,4,4,4,4,4,2,5,4,5,1, , , , , , , , , , , , , , , , , , ,1, , , , , , , , , ,16,1,5,16,17,2,업무수행,1,7, , ,1,5,6,6528.85,0.0,6528.85
11061,604,2,3,3,2,호주, ,1,10,3, , ,3,6, , , ,가족/친지,2,개별여행,9,5,4,4,4,5,5,5,4,4,4,4,3,5,3,5,1, , , , , , , , , , , , , , , , , , ,1, , , , , , , , , ,5,1,3,2,1,11,식도락,1,1,7,8,3,5, ,2457.92,1613.01,844.91
11066,609,1,5,2,1,호주, ,1,10,2,3,6,4,6, , , ,혼자,1,개별여행,6,4,5,4,4,2,4,4,5,3,5,5,4,4,4,4,1, , , , , , , , , , , , , , , , , , ,1, , , , , , , , , ,4, , ,15,16,17,레포츠활동,1,4, , ,15, , ,960.125,768.1,192.025
11098,643,1,1,2,2,호주, ,11,10,9, , ,1,5, , , ,혼자,1,개별여행,10,5,5,5,5,5,9,4,5,5,4,5,5,5,5,5,1,4,8, , , , , , , , , , , , , , , , ,1,2,3, , , , , , , ,9,20,5,14,18,20,자연경관감상,1,12, , ,21, , ,1634.04,1634.04,0.0
11099,644,2,0,2,8,호주, ,1,10,3,2,5,1,1,3,1,7,친구/연인,6,개별여행,7,5,5,5,5,5,5,5,5,5,5,5,4,5,4,5,1,4, , , , , , , , , , , , , , , , , ,1,2, , , , , , , , ,1,2,4,18,7,17,유흥.오락,1,3,6,9,4,6,14,1712.863,1382.58,330.283
11100,645,1,5,2,10,호주, ,2,10,3,2, ,10,5, , , ,혼자,1,개별여행,16,5,5,5,5,5,4,5,4,3,5,5,5,5,5,5,1, , , , , , , ,14, , , , , , ,13, , , ,1, , , , ,6,7, , , ,136,116,72,19,17,20,고궁/역사유적지방문,1,3,9,10,10,13,15,1313.451,353.326,960.125
11101,646,1,2,1,7,호주, ,1,10,3, , ,6,6, , , ,친구/연인,10,개별여행,5,5,5,5,5,5,9,4,5,5,4,4,4,4,4,4, ,4, ,9, , , , , , , , , , , , , , , , ,2, ,4, , , , , , ,51,24,48,2,18,10,스포츠활동,1,12, , ,21, , ,122.896,122.896,0.0
11119,666,1,2,1,17,호주, ,1,10,3,2, ,4,6, , , ,직장동료,2,개별여행,10,4,5,5,4,5,9,4,5,4,4,5,4,4,3,5,1, , , , , , , , , , ,7, , , , , , , ,1, , , , ,6, , , , ,13,1,8,16,19,7,공연/민속행사/축제참가관람,1,12, , ,21, , ,1152.15,768.1,384.05
11249,807,2,4,2,5,호주, ,2,10,3,2, ,3,6, , , ,직장동료,3,개별여행,4,5,4,4,3,5,9,3,3,1,4,4,3,4,5,3,1, , , , , , , , , , , , , , , , , , ,1, , , , , , , , , ,1,3,17,15,17, ,고궁/역사유적지방문,1,12, , ,21, , ,169.2360579,0.0,169.2360579
11317,880,2,4,1,1,호주, ,1,10,2,1,6,6,1,16,9,12,혼자,1,개별여행,13,5,5,5,5,5,5,5,5,4,5,5,3,5,5,5,1, , , ,6, , , , , , , ,2, , , , , , ,1, , , ,5,6, , , , ,99,12,3,18,2,17,자연경관감상,1,5,8,9,3,4,5,1428.666,1428.666,0.0
11323,887,2,2,2,2,호주, ,2,10,5,3, ,2,4,2,4, ,가족/친지,4,개별여행,7,5,5,5,5,5,5,5,5,5,5,5,5,5,5,5,1, , , , , , , , , , , , , , , , , , ,1, , , , , , , , , ,5,6,8,1,18,2,쇼핑,1,3,4,7,4,5,18,1751.268,921.72,829.548
11345,911,2,2,1,4,호주, ,1,10,3,2, ,12,5, , , ,혼자,1,개별여행,8,4,4,5,5,5,4,4,4,5,4,4,4,4,5,4,1, , , , , , , , , , , , , , , , , , ,1, , , , , , , , , ,10,2,14,20,21,17,시티투어버스이용,4,7,9, ,4,5, ,683.609,0.0,683.609
11356,923,1,2,2,7,호주, ,1,10,3, , ,3,1,6,11,13,혼자,1,개별여행,5,5,4,4,4,5,4,4,5,5,3,5,4,4,5,5,1, , ,9, , , , , , , , , , , , , , , ,1, , ,4, , , , , , ,136, , ,11,12,7,직업적스포츠홀동,1,10, , ,4,18,20,637.523,0.0,637.523
11357,924,2,0,1,8,호주, ,1,10,2,5,8,6,3,3,2,4,가족/친지,31,개별여행,21,5,4,4,5,5,5,5,4,5,5,5,5,5,5,5, , , , , , , , , , ,3, , , , , , , , , , , , , ,6, , , , ,92,91,89,9,1,16,테마파크,8,9,10, ,10,18, ,440.7189007,0.0,440.7189007
11464,1310,2,2,2,2,호주, ,1,10,3,2, ,3,1,9,8,7,친구/연인,4,개별여행,5,5,4,5,5,4,4,5,5,4,5,5,4,5,4,4,1,4, , , , , , , , , , ,2, , , , , , ,1,2, , , ,6, , , , ,96,5,99,2,4,1,휴양/휴식,1,1,7,9,5,11,12,1140.0,0.0,1140.0
11687,154,1,2,2,2,호주,13,1,11,2,3, ,1,5, , , ,혼자,1,개별여행,18,5,5,5,4,5,4,4,3,3,3,5,4,5,5,5,1, , , , , ,11, , , , , ,2, , , , , , ,1, , , ,5,6, , , , ,64,20,96,22,7,1,전통문화체험,1,3, , ,4, , ,2166.042,1920.25,245.792
11751,232,1,2,2,5,호주, ,3,11,3,5, ,4,6, , , ,혼자,1,개별여행,5,4,4,4,4,4,4,4,4,4,4,4,4,4,4,4, , , , , , , , , , , , ,2, , , , , , , , , , , ,6, , , , ,96, , ,15, , ,미팅/회의/학술대회/박람회참가,1,1, , ,5,18, ,230.43,230.43,0.0
11766,247,2,2,2,5,호주, ,1,11,2,1,3,7,5, , , ,혼자,1,개별여행,8,5,5,5,5,4,4,4,4,4,5,5,4,5,4,4,1, , , , , , , , , , , , , , , , , , ,1, , , , , , , , , ,10,1,2,9,17,20,고궁/역사유적지방문,4,1,5,7,1,3,5,460.86,230.43,230.43
11789,276,1,0,2,8,호주, ,1,11,2,3,5,10,1,3,1,4,친구/연인,5,개별여행,18,5,5,5,5,5,5,4,4,5,5,5,5,5,5,5,1,4, , , , , , , , , , ,2, , , ,16, , ,1,2, , , ,6, ,8, , ,103,99,125,18,7,17,고궁/역사유적지방문,1,3,5,7,4,5,13,1152.15,0.0,1152.15
11790,277,1,3,2,12,호주, ,1,11,9, , ,2,6, , , ,혼자,1,개별여행,29,4,4,5,4,4,4,4,5,4,5,4,4,5,5,5,1, , , , ,10, , , , , , , , , , , , , ,1, , , ,5, , , , , ,4,6,10,12,1,17,고궁/역사유적지방문,1,4,5,10,11, , ,998.53,384.05,614.48
11791,278,1,1,3,5,호주, ,1,11,2,3, ,6,5, , , ,혼자,1,개별여행,27,5,5,5,5,5,5,5,5,5,5,5,4,5,4,5,1, , , , , , , , , , , , , , , , , , ,1, , , , , , , , , ,14,136,20,11,17,7,레포츠활동,1,5,7,9,4,18, ,7988.24,0.0,7988.24
11792,279,1,1,2,5,호주, ,1,11,1,2,3,5,7, , , ,직장동료,13,개별여행,8,5,5,5,5,5,5,5,5,5,5,5,3,4,3,5,1, , , , , , , , , , ,7, , , , , , , ,1, , , , ,6, , , , ,93,8, ,11,2,7,스포츠활동,1,5, , ,20, , ,1013.653472,617.0064609,396.6470106
11793,280,2,4,2,2,호주, ,1,11,3,5,2,3,6, , , ,혼자,1,개별여행,8,5,5,5,5,5,5,5,5,5,5,5,4,5,5,5,1, , , , , , , , , , , , , , , , , , ,1, , , , , , , , , ,20, , ,16,1,2,쇼핑,1,9, , ,4,5, ,1228.96,768.1,460.86
11856,357,1,3,2,2,호주, ,100,11,1, , ,5,6, , , ,혼자,1,개별여행,4,5,5,5,4,5,9,5,4,5,4,5,5,5,5,5,1, ,8, , , , , , , , , , , , , , , , ,1, ,3, , , , , , , ,42,1, ,15,16,18,자연경관감상,1,12, , ,21, , ,844.91,844.91,0.0
11872,378,1,2,3,2,호주, ,4,11,2, , ,1,6, , , ,혼자,1,개별여행,5,4,5,4,5,5,4,5,3,3,3,4,4,5,5,5,1, , , , , , , , ,15, , , , , , , , , ,1, , , , ,6, , , , ,79,3, ,16,7,2,식도락,1,1,3,9,8, , ,791.143,637.523,153.62
11969,488,1,2,2,2,호주, ,2,11,3,1,2,1,6, , , ,가족/친지,2,개별여행,8,5,5,5,5,5,5,5,5,5,5,5,5,5,5,5,1, , , , , , , , , , , , , , , , , , ,1, , , , , , , , , ,5,6,7,15,16,1,공연/민속행사/축제참가관람,1,1,3,7,9,11, ,2304.3,1536.2,768.1
11971,490,1,1,2,2,호주, ,1,11,2,3, ,4,5, , , ,가족/친지,2,개별여행,5,4,4,4,5,5,5,5,4,4,5,5,4,5,4,4,1, , , , , , , , , , , , , , , , , , ,1, , , , , , , , , ,1,4,5,17,20,1,고궁/역사유적지방문,4,5,7, ,2,3, ,460.86,230.43,230.43
12099,626,2,0,2,8,호주, ,1,11,3,5,4,6,1,3,13,11,친구/연인,2,개별여행,35,5,5,5,4,5,4,5,5,5,5,5,4,5,5,5,1,4, , , , , , , , , , ,2, , , , , , ,1,2, , , ,6, , , , ,20,14,9,1,20,17,고궁/역사유적지방문,1,1,3,7,5,6,19,4024.844,2949.504,1075.34
12130,663,1,0,2,8,호주, ,1,11,3,5,2,3,1,2,4,7,친구/연인,2,개별여행,8,4,5,5,5,4,5,3,5,3,5,5,4,4,5,4,1, , , , , , , , , , , , , , , , , , ,1, , , , , , , , , ,14,1,12,1,17,20,쇼핑,4,7,11, ,4,5,6,960.125,768.1,192.025
12181,727,1,1,2,5,호주, ,2,11,3,2, ,2,6, , , ,직장동료,3,개별여행,7,4,4,4,5,4,9,5,4,4,4,5,4,4,5,4,1, , , , , , , , , , , , , , , , , , ,1, , , , , , , , , ,1,9,5,15,17,7,고궁/역사유적지방문,1,12, , ,21, , ,380.0,380.0,0.0
12222,775,2,4,1,12,호주, ,2,11,2, , ,3,5, , , ,혼자,1,개별여행,43,5,4,4,4,4,4,5,4,3,4,5,3,5,5,5,1, , , , , , , , ,15, , ,2, , , , , , ,1, , , , ,6, , , , ,79,1,83,11,18,1,레포츠활동,2,9, , ,4,10, ,514.627,384.05,130.577
12223,776,1,2,3,2,호주, ,3,11,2, , ,3,5, , , ,혼자,1,개별여행,3,5,3,4,5,5,9,3,5,3,3,5,5,5,5,5,1, , , , , , , , , , , , , , , , , , ,1, , , , , , , , , ,20, , ,23,2, ,기타,1,12, , ,21, , ,806.505,691.29,115.215
12261,827,1,1,3,4,호주, ,1,11,3, , ,9,1,4,1, ,친구/연인,4,개별여행,12,5,5,5,3,5,4,5,5,5,4,5,5,5,2,5,1, , , , , , , , , , , , , , , ,16, , ,1, , , , , , ,8, , ,124,4,1,11,2,17,레포츠활동,1,9, , ,10,18, ,2726.755,844.91,1881.845
12262,828,2,2,3,3,호주, ,2,11,3,4,6,3,1,4,13,7,혼자,1,개별여행,88,5,5,5,4,5,5,5,4,3,5,5,5,5,5,5,1,4, ,9, , , , , , , ,7,2, , , , , , ,1,2, ,4, ,6, , , , ,1,13,4,19,22,7,공연/민속행사/축제참가관람,1,4,5,7,3,5,19,6644.065,384.05,6260.015
12451,1260,2,2,2,4,호주, ,2,11,3,5, ,1,5, , , ,혼자,1,개별여행,5,4,4,4,5,5,5,4,4,3,4,4,4,5,5,5, ,4, , , , , , , ,15, , ,2, , , , , , , ,2, , , ,6, , , , ,79,80,97,3,2,4,식도락,2,1,10, ,6,8,10,540.0,0.0,540.0
12569,65,1,3,3,5,호주, ,2,12,2,3,4,3,1,1,4,11,친구/연인,2,개별여행,6,4,5,5,5,4,5,5,4,4,4,4,4,4,4,4,1, , , , , , , , , , , , , , , , , , ,1, , , , , , , , , ,5,8,20,18,17,7,자연경관감상,1,3,2,7,4,5,10,605.7756641,452.0713911,153.704273
12572,69,2,3,2,2,호주, ,4,12,2, , ,3,5, , , ,혼자,1,개별여행,7,4,4,4,4,4,4,4,4,4,4,4,3,4,4,4,1, , , , , , , , , , , , , , , , , , ,1, , , , , , , , , ,1,4,8,17,18, ,고궁/역사유적지방문,4,1,3,5,3,4, ,361.6571129,0.0,361.6571129
12578,75,1,3,2,7,호주, ,2,12,2,3, ,5,5, , , ,가족/친지,2,개별여행,15,4,4,5,5,5,4,4,4,5,4,5,4,4,5,5,1, , , , , , , , , , , ,2, , , , , , ,1, , , , ,6, , , , ,103,1,20,7,2,18,식도락,1,2,4, ,8,10,11,1363.5,1363.5,0.0
12579,76,2,1,2,8,호주, ,1,12,3,2, ,4,1,4,2, ,가족/친지,2,개별여행,12,5,4,4,5,5,5,5,4,4,5,5,4,5,5,5,1, , , , , , , , , , , , , , , , , , ,1, , , , , , , , , ,14,16,1,1,2, ,고궁/역사유적지방문,1,4,5,7,4,5,6,1515.0,757.5,757.5
12682,192,2,1,2,8,호주, ,1,12,5,3, ,4,1,1,2,7,가족/친지,4,개별여행,4,4,4,4,4,4,4,4,4,4,4,4,4,4,3,4,1, , , , , , , , , , , , , , , , , , ,1, , , , , , , , , ,4,5,10,1,2,7,식도락,1,1,7,10,4,8,9,680.0,0.0,680.0
12754,270,2,1,2,4,호주, ,1,12,1, , ,2,5, , , ,가족/친지,4,개별여행,10,5,4,5,5,4,4,4,5,5,4,5,4,5,5,5,1, , , , , , , , , , , , , , , , , , ,1, , , , , , , , , ,10,14,15,22,1,19,전통문화체험,4,2,3,6,4,10,12,795.375,454.5,340.875
12771,292,2,1,1,6,호주, ,1,12,1,3,5,1,1,3,8,13,가족/친지,3,단체여행,3,2,5,5,4,2,3,1,5,2,3,5,5,2,4,4,1, , , , , , , , , , , , , , , , , , ,1, , , , , , , , , ,2, , ,1,11,18,쇼핑,1,1,2,7,8,18, ,3435.742572,0.0,3435.742572
12775,297,1,3,2,1,호주, ,2,12,2,3, ,4,5, , , ,혼자,1,개별여행,5,5,4,4,5,5,4,5,4,4,4,5,4,4,4,4,1, , , , , , , , , , , , , , , , , , ,1, , , , , , , , , ,4,5,20,1,2,4,식도락,4,1,7, ,3,4, ,361.6571129,0.0,361.6571129
12843,372,2,4,2,12,호주, ,5,12,2, , ,5,5, , , ,혼자,1,개별여행,8,4,4,4,4,4,9,5,5,5,5,5,4,5,4,4,1, ,8, , , ,11, ,14, , , , , , , , , , ,1, ,3, ,5,6, , , , ,67,29, ,23, , ,기타,4,12, , ,21, , ,227.25,151.5,75.75
12894,433,1,2,2,1,호주, ,100,12,9, , ,1,6, , , ,혼자,1,개별여행,3,4,4,4,4,5,4,3,3,3,3,3,3,3,5,3,1, , , , , , , , , , , , , , , , , , ,1, , , , , , , , , ,20, , ,16, , ,업무수행,1,1, , ,10, , ,727.2,530.25,196.95
12924,464,1,3,3,1,호주, ,1,12,3,1, ,10,1,17,16,8,가족/친지,2,에어텔여행,5,4,5,5,5,3,4,4,5,4,3,5,4,4,3,4, , , ,9, , , , , , , , , , , , , , , , , , ,4, , , , , , ,51, , ,10, , ,스포츠활동,1,9,10, ,4,10, ,3560.25,2272.5,1287.75
12925,465,1,1,3,8,호주, ,1,12,1,2,5,2,5, , , ,혼자,1,개별여행,10,5,5,5,5,5,5,4,3,4,5,5,5,4,5,5,1, , , , , , , , , , , , , , , , , , ,1, , , , , , , , , ,17,9,4,1,17,20,고궁/역사유적지방문,1,1,4,7,1,5,13,1060.5,606.0,454.5
12926,466,2,0,2,8,호주, ,1,12,3,5,2,12,7, , , ,혼자,1,개별여행,121,5,5,5,5,5,4,5,4,4,4,5,4,5,5,5,1, ,8,9, , , , ,14, , , ,2, ,12, , , , ,1, ,3,4, ,6,7, , , ,108,96,72,14,18,17,전통문화체험,1,5,7,8,4,5,19,4014.75,3030.0,984.75
12996,547,2,1,2,8,호주, ,1,12,3,6,2,12,7, , , ,혼자,1,개별여행,120,4,5,5,3,3,4,3,5,3,5,5,5,4,4,4,1,4, , , , , , , , , , ,2, , , , , , ,1,2, , , ,6, , , , ,13,2,1,14,1,2,연수/교육/연구,2,3,7,10,4,10,12,8634.56357,1401.421312,7233.142258
13028,594,2,0,2,8,호주, ,1,12,3,1,2,15,7, , , ,친구/연인,2,개별여행,91,5,5,5,4,5,5,5,4,5,4,5,4,5,5,5,1, , , , , , , , , , , , , ,12, , , , ,1, , , , , ,7, , , ,14,5,10,1,7,17,유흥.오락,1,3,7,11,4,5,19,10983.75,10983.75,0.0
13029,595,1,1,2,5,호주, ,1,12,5,3,2,6,1,2,4,11,친구/연인,2,개별여행,8,5,4,5,5,5,5,5,5,3,5,4,4,5,4,5,1, , , , , , , , , , , , , , , , , , ,1, , , , , , , , , ,5,4,16,1,18,2,쇼핑,1,2,3,7,4,5,6,4999.5,1363.5,3636.0
13114,688,1,3,3,3,호주, ,1,12,2, , ,1,5, , , ,혼자,1,개별여행,6,5,5,5,5,5,5,4,5,4,5,5,3,5,5,5,1, , , , , , , , , , , , , , , , , , ,1, , , , , , , , , ,20,8, ,2,4,21,식도락,2,3,5,9,8,14,18,1380.0,0.0,1380.0
13139,716,2,1,3,2,호주, ,6,12,9, , ,3,6, , , ,친구/연인,2,개별여행,10,5,5,5,5,5,5,5,5,5,5,5,5,5,5,5,1, , , , , , , , , , , , , , , , , , ,1, , , , , , , , , ,20,5,6,1,16,2,식도락,1,5,4, ,5, , ,4317.75,3181.5,1136.25
13143,726,1,1,2,8,호주, ,1,12,3,2,5,4,7, , , ,혼자,1,개별여행,120,5,5,5,4,4,4,4,4,4,4,5,3,4,5,5,1, , , , , , , , ,15, , , , , , , , , ,1, , , , ,6, , , , ,3,13,12,14,18,1,자연경관감상,2,3,5,7,3,4,16,5302.5,2272.5,3030.0
13210,806,2,1,2,2,호주, ,1,12,5,3, ,3,1,9,4,2,혼자,1,개별여행,11,4,4,4,4,4,4,4,4,4,4,4,4,4,2,4,1, , , , , , , , , , , , , , , , , , ,1, , , , , , , , , ,1,2,16,1,9,17,쇼핑,2,3,7,10,5,6,10,2121.0,606.0,1515.0
13236,834,1,1,2,4,호주, ,1,12,2,3, ,5,5, , , ,가족/친지,2,개별여행,12,5,5,5,5,5,5,5,5,3,5,5,5,5,5,5,1, , , , , , , , , , , , , , , , , , ,1, , , , , , , , , ,9,14,13,17,19,18,고궁/역사유적지방문,2,1,3,4,3,4,14,1552.875,0.0,1552.875
13277,882,1,3,2,6,호주, ,1,12,5,2,3,4,1,2,4,7,가족/친지,5,개별여행,9,5,3,3,3,3,3,3,3,3,3,3,4,4,4,4,1, , , , , , , , , , , , , , , , , , ,1, , , , , , , , , ,1,11, ,1,17,4,쇼핑,2,3,7,8,3,4,16,606.0,0.0,606.0
13296,905,1,2,2,3,호주, ,1,12,2, , ,1,6, , , ,혼자,1,개별여행,7,4,4,4,3,4,9,4,4,3,4,4,3,4,4,4,1, , ,9, , , , , , , , , , , , , , , ,1, , ,4, , , , , , ,51,4, ,15,18,23,기타,1,12, , ,21, , ,2000.0,2000.0,0.0
13433,5019,1,2,2,3,호주, ,1,12,3,2, ,3,1,1,3,2,친구/연인,2,개별여행,6,5,5,5,5,4,4,5,5,4,3,4,4,5,5,5, , , , , , , , , , , , ,2, , , ,16, , , , , , , ,6, ,8, , ,129,134,133,18,2,7,자연경관감상,2,1,9, ,5,6,15,810.525,151.5,659.025
